date,channel,spend,clicks,conversions,revenue
2024-01-01,Search,2982,1134,52,9048
2024-01-01,Social,2619,1919,33,726
2024-01-01,Email,2404,3873,124,28272
2024-01-01,Affiliate,1415,1893,85,11560
2024-01-01,Display,803,2421,48,9120
2024-01-02,Search,340,2722,86,16856
2024-01-02,Social,705,2340,186,37200
2024-01-02,Email,2550,4018,217,16275
2024-01-02,Affiliate,2227,2487,147,17052
2024-01-02,Display,440,2829,58,11774
2024-01-03,Search,1062,1943,114,3762
2024-01-03,Social,933,4093,249,23904
2024-01-03,Email,2900,1404,111,17760
2024-01-03,Affiliate,1806,2864,113,15933
2024-01-03,Display,1626,3306,123,19065
2024-01-04,Search,1359,2413,141,9729
2024-01-04,Social,2444,3325,55,5610
2024-01-04,Email,2577,543,37,7437
2024-01-04,Affiliate,1445,3848,214,35738
2024-01-04,Display,763,3719,218,20492
2024-01-05,Search,793,1818,45,9495
2024-01-05,Social,1001,174,6,1434
2024-01-05,Email,2557,935,53,12667
2024-01-05,Affiliate,804,3184,243,31347
2024-01-05,Display,2983,1478,110,4840
2024-01-06,Search,1656,3981,89,2937
2024-01-06,Social,680,4322,239,40869
2024-01-06,Email,1976,1317,70,8610
2024-01-06,Affiliate,1203,378,6,726
2024-01-06,Display,2201,2579,149,9536
2024-01-07,Search,2873,3175,204,45492
2024-01-07,Social,2947,834,53,12773
2024-01-07,Email,2863,3230,94,17578
2024-01-07,Affiliate,2023,3109,33,1617
2024-01-07,Display,538,1099,48,9168
2024-01-08,Search,2287,1942,22,3652
2024-01-08,Social,2545,4028,117,24570
2024-01-08,Email,587,4956,112,16016
2024-01-08,Affiliate,2840,3652,112,5824
2024-01-08,Display,607,2764,39,9360
2024-01-09,Search,2401,1614,61,12139
2024-01-09,Social,280,3325,162,25434
2024-01-09,Email,2371,4102,59,13806
2024-01-09,Affiliate,2595,4515,270,59940
2024-01-09,Display,2869,1116,70,5110
2024-01-10,Search,2897,1061,24,4152
2024-01-10,Social,937,143,6,1344
2024-01-10,Email,1487,1107,14,2338
2024-01-10,Affiliate,1044,1420,22,1870
2024-01-10,Display,343,793,62,9238
2024-01-11,Search,1422,3078,238,14994
2024-01-11,Social,1932,100,2,62
2024-01-11,Email,2327,2503,140,18620
2024-01-11,Affiliate,772,4827,213,21300
2024-01-11,Display,2340,2984,156,23400
2024-01-12,Search,1059,911,51,1581
2024-01-12,Social,1171,400,9,864
2024-01-12,Email,1081,1199,62,4650
2024-01-12,Affiliate,2623,3041,89,18334
2024-01-12,Display,2748,3557,54,4590
2024-01-13,Search,1267,3227,179,10919
2024-01-13,Social,1838,3836,60,5100
2024-01-13,Email,2971,3584,271,15176
2024-01-13,Affiliate,2395,1769,26,5382
2024-01-13,Display,1303,1678,100,16400
2024-01-14,Search,2892,4289,224,28448
2024-01-14,Social,828,2691,213,27903
2024-01-14,Email,1752,312,24,1992
2024-01-14,Affiliate,517,2312,43,2064
2024-01-14,Display,2446,3432,50,9150
2024-01-15,Search,564,3072,226,49494
2024-01-15,Social,1319,1298,91,7007
2024-01-15,Email,1320,180,3,228
2024-01-15,Affiliate,1750,960,62,3162
2024-01-15,Display,919,4412,269,26362
2024-01-16,Search,2611,4110,68,7412
2024-01-16,Social,2543,2410,117,20475
2024-01-16,Email,605,492,10,2120
2024-01-16,Affiliate,1795,1580,53,11077
2024-01-16,Display,2976,4455,216,52920
2024-01-17,Search,1849,4006,206,17716
2024-01-17,Social,238,4307,258,48504
2024-01-17,Email,717,1268,46,9568
2024-01-17,Affiliate,1295,533,39,7137
2024-01-17,Display,1716,2140,122,15494
2024-01-18,Search,2075,1599,65,7150
2024-01-18,Social,2119,4214,126,16254
2024-01-18,Email,2332,1974,61,14579
2024-01-18,Affiliate,556,2603,100,10000
2024-01-18,Display,569,751,11,891
2024-01-19,Search,583,1452,72,2952
2024-01-19,Social,1370,4639,348,78648
2024-01-19,Email,243,3573,205,42435
2024-01-19,Affiliate,758,4029,180,35100
2024-01-19,Display,2972,4461,262,32226
2024-01-20,Search,256,1657,122,25620
2024-01-20,Social,229,3581,211,44521
2024-01-20,Email,1613,2100,167,31563
2024-01-20,Affiliate,2363,446,23,1449
2024-01-20,Display,2962,4388,321,20544
2024-01-21,Search,507,3106,213,32163
2024-01-21,Social,1647,517,20,2340
2024-01-21,Email,898,3157,245,25970
2024-01-21,Affiliate,2981,2146,146,34602
2024-01-21,Display,682,2476,76,7220
2024-01-22,Search,1284,1845,18,3258
2024-01-22,Social,2529,3324,83,8134
2024-01-22,Email,2833,4323,293,8497
2024-01-22,Affiliate,2096,4099,57,1197
2024-01-22,Display,2721,3871,127,13970
2024-01-23,Search,638,142,4,816
2024-01-23,Social,962,3393,118,5310
2024-01-23,Email,1964,4130,98,15190
2024-01-23,Affiliate,2306,1359,52,7488
2024-01-23,Display,228,1374,87,7308
2024-01-24,Search,1126,3955,149,14304
2024-01-24,Social,1692,3608,261,40977
2024-01-24,Email,1303,990,78,14664
2024-01-24,Affiliate,1999,1425,28,5908
2024-01-24,Display,1977,147,5,1210
2024-01-25,Search,1012,1006,23,690
2024-01-25,Social,747,3332,131,13624
2024-01-25,Email,329,1413,80,11360
2024-01-25,Affiliate,2924,2277,41,5945
2024-01-25,Display,2453,4159,274,55348
2024-01-26,Search,721,2761,172,37668
2024-01-26,Social,1837,4211,256,53504
2024-01-26,Email,1792,1176,20,940
2024-01-26,Affiliate,286,1133,23,3404
2024-01-26,Display,255,2037,27,6264
2024-01-27,Search,1601,3619,283,58864
2024-01-27,Social,232,3658,159,14628
2024-01-27,Email,2190,776,49,4067
2024-01-27,Affiliate,2729,1349,82,5494
2024-01-27,Display,1221,2403,153,36873
2024-01-28,Search,1279,2126,120,15480
2024-01-28,Social,1012,3982,236,53572
2024-01-28,Email,622,4215,222,15096
2024-01-28,Affiliate,2621,1318,34,1802
2024-01-28,Display,1843,414,12,828
2024-01-29,Search,798,3592,40,2840
2024-01-29,Social,572,517,18,2772
2024-01-29,Email,1455,1995,50,6450
2024-01-29,Affiliate,2162,602,27,4968
2024-01-29,Display,411,2592,45,5085
2024-01-30,Search,1349,2975,177,14691
2024-01-30,Social,1510,489,11,220
2024-01-30,Email,413,2734,67,9380
2024-01-30,Affiliate,1347,925,37,3108
2024-01-30,Display,2212,3078,102,4896
2024-01-31,Search,596,211,12,2604
2024-01-31,Social,733,2813,99,22473
2024-01-31,Email,1680,4924,231,26565
2024-01-31,Affiliate,1175,2360,58,6844
2024-01-31,Display,557,971,18,3780
2024-02-01,Search,2665,1085,13,3198
2024-02-01,Social,2880,1660,39,5226
2024-02-01,Email,604,713,54,9612
2024-02-01,Affiliate,1604,2569,156,33384
2024-02-01,Display,1027,4470,270,8370
2024-02-02,Search,723,1670,65,13130
2024-02-02,Social,1234,4690,367,91383
2024-02-02,Email,1699,3773,204,10200
2024-02-02,Affiliate,1986,654,28,4312
2024-02-02,Display,2263,279,6,540
2024-02-03,Search,728,2472,32,5248
2024-02-03,Social,449,1658,102,12342
2024-02-03,Email,2227,4461,316,12324
2024-02-03,Affiliate,877,3686,230,27140
2024-02-03,Display,2503,3296,125,11125
2024-02-04,Search,1047,1607,16,2656
2024-02-04,Social,1092,4950,290,71050
2024-02-04,Email,2300,3830,173,35292
2024-02-04,Affiliate,2350,2220,69,5244
2024-02-04,Display,1413,2299,111,6993
2024-02-05,Search,1117,473,22,2068
2024-02-05,Social,360,1313,99,9009
2024-02-05,Email,744,2315,164,5412
2024-02-05,Affiliate,2831,2139,169,12337
2024-02-05,Display,2389,1051,10,1080
2024-02-06,Search,2791,3123,102,20400
2024-02-06,Social,2449,2263,137,16988
2024-02-06,Email,2704,2515,82,2788
2024-02-06,Affiliate,2763,185,12,912
2024-02-06,Display,1345,1547,43,1032
2024-02-07,Search,2401,4878,85,17850
2024-02-07,Social,1764,2208,156,28392
2024-02-07,Email,2675,4612,112,14896
2024-02-07,Affiliate,1103,2756,79,13272
2024-02-07,Display,2779,3339,69,5451
2024-02-08,Search,1977,3119,63,8946
2024-02-08,Social,583,4162,94,6298
2024-02-08,Email,921,1647,82,16892
2024-02-08,Affiliate,938,2410,27,1647
2024-02-08,Display,927,3329,193,13124
2024-02-09,Search,484,1275,19,1558
2024-02-09,Social,2063,3397,57,8778
2024-02-09,Email,762,196,10,1160
2024-02-09,Affiliate,1772,269,4,92
2024-02-09,Display,2839,458,8,1736
2024-02-10,Search,542,2292,45,8100
2024-02-10,Social,2656,210,13,286
2024-02-10,Email,635,4543,279,29574
2024-02-10,Affiliate,548,1757,34,7276
2024-02-10,Display,2505,3739,250,24500
2024-02-11,Search,1558,4023,83,2822
2024-02-11,Social,2426,2291,123,6273
2024-02-11,Email,286,464,7,665
2024-02-11,Affiliate,620,4290,309,38934
2024-02-11,Display,780,109,8,208
2024-02-12,Search,1128,3599,133,14630
2024-02-12,Social,2884,2449,63,15435
2024-02-12,Email,1775,1020,45,2160
2024-02-12,Affiliate,1119,933,71,6532
2024-02-12,Display,1663,724,38,1900
2024-02-13,Search,1676,794,57,9918
2024-02-13,Social,818,1558,62,6510
2024-02-13,Email,2656,1585,91,5278
2024-02-13,Affiliate,2933,2570,138,12834
2024-02-13,Display,1626,951,27,3969
2024-02-14,Search,2910,3123,235,53345
2024-02-14,Social,512,117,8,464
2024-02-14,Email,2886,1300,42,4998
2024-02-14,Affiliate,2029,4019,269,12912
2024-02-14,Display,2566,3601,277,25207
2024-02-15,Search,792,840,27,1404
2024-02-15,Social,944,3254,112,16352
2024-02-15,Email,1936,4042,236,29500
2024-02-15,Affiliate,2664,2831,55,10285
2024-02-15,Display,1207,3239,127,18669
2024-02-16,Search,2406,4472,198,31086
2024-02-16,Social,1142,3250,51,10353
2024-02-16,Email,1927,4416,222,43734
2024-02-16,Affiliate,1098,814,21,420
2024-02-16,Display,1032,240,8,1128
2024-02-17,Search,747,1002,14,1526
2024-02-17,Social,1678,1241,38,2128
2024-02-17,Email,2458,3549,95,21945
2024-02-17,Affiliate,1119,557,34,1700
2024-02-17,Display,786,3192,195,38610
2024-02-18,Search,1939,3144,43,2021
2024-02-18,Social,2914,4864,73,17082
2024-02-18,Email,2632,1395,16,1808
2024-02-18,Affiliate,778,747,20,460
2024-02-18,Display,2531,3511,71,4686
2024-02-19,Search,2124,1247,77,15246
2024-02-19,Social,1426,3951,153,16218
2024-02-19,Email,2018,208,6,354
2024-02-19,Affiliate,445,363,18,1152
2024-02-19,Display,2261,1413,15,3495
2024-02-20,Search,1935,3821,186,43152
2024-02-20,Social,1256,4786,215,43215
2024-02-20,Email,1131,3570,268,23852
2024-02-20,Affiliate,576,4372,159,8268
2024-02-20,Display,1067,3380,180,13680
2024-02-21,Search,1806,1604,108,17604
2024-02-21,Social,2678,732,49,6811
2024-02-21,Email,2155,2665,148,18204
2024-02-21,Affiliate,1758,1450,20,2300
2024-02-21,Display,2848,3575,84,3948
2024-02-22,Search,627,737,26,5694
2024-02-22,Social,1574,329,8,488
2024-02-22,Email,2418,972,14,2408
2024-02-22,Affiliate,244,2632,60,4260
2024-02-22,Display,2814,365,9,369
2024-02-23,Search,2535,4726,62,13764
2024-02-23,Social,2181,474,6,258
2024-02-23,Email,1464,169,13,2756
2024-02-23,Affiliate,1356,3361,151,15100
2024-02-23,Display,1800,3015,235,46765
2024-02-24,Search,2963,897,29,7221
2024-02-24,Social,2262,927,41,8938
2024-02-24,Email,815,294,15,1755
2024-02-24,Affiliate,2153,4903,347,10063
2024-02-24,Display,1388,1420,29,4002
2024-02-25,Search,522,864,66,5214
2024-02-25,Social,1083,1253,79,4819
2024-02-25,Email,2254,4329,343,60025
2024-02-25,Affiliate,2868,4386,329,35203
2024-02-25,Display,2032,1174,39,4368
2024-02-26,Search,2753,3629,46,9292
2024-02-26,Social,2997,3275,87,15312
2024-02-26,Email,2685,714,55,9075
2024-02-26,Affiliate,2771,4175,70,1610
2024-02-26,Display,784,2635,127,28448
2024-02-27,Search,557,4187,69,6900
2024-02-27,Social,895,2521,53,4823
2024-02-27,Email,2561,3076,106,4028
2024-02-27,Affiliate,933,3874,108,15228
2024-02-27,Display,1248,3721,206,11330
2024-02-28,Search,707,4759,210,23730
2024-02-28,Social,1374,3384,130,23140
2024-02-28,Email,2987,1156,47,7097
2024-02-28,Affiliate,2758,2669,96,18624
2024-02-28,Display,1892,4244,176,42944
2024-02-29,Search,2995,449,23,4232
2024-02-29,Social,433,2105,124,20212
2024-02-29,Email,232,1366,95,8930
2024-02-29,Affiliate,1739,1396,69,16422
2024-02-29,Display,498,1927,71,9798
2024-03-01,Search,2940,865,29,4031
2024-03-01,Social,2831,4483,327,45453
2024-03-01,Email,646,803,18,846
2024-03-01,Affiliate,1825,3648,87,9048
2024-03-01,Display,464,2699,91,15834
2024-03-02,Search,2191,1841,108,15228
2024-03-02,Social,668,2380,99,15741
2024-03-02,Email,837,3949,79,5846
2024-03-02,Affiliate,1511,4754,57,9861
2024-03-02,Display,1757,611,46,5152
2024-03-03,Search,1961,3978,99,7326
2024-03-03,Social,293,3564,102,18564
2024-03-03,Email,921,784,15,1350
2024-03-03,Affiliate,1859,769,23,4646
2024-03-03,Display,2049,3538,165,31515
2024-03-04,Search,1262,1607,109,4687
2024-03-04,Social,1955,2901,224,21504
2024-03-04,Email,873,1726,59,7493
2024-03-04,Affiliate,2172,3995,189,41580
2024-03-04,Display,858,3678,128,25216
2024-03-05,Search,2536,3287,222,36186
2024-03-05,Social,2645,1726,26,4940
2024-03-05,Email,2569,1284,41,9430
2024-03-05,Affiliate,1496,216,4,548
2024-03-05,Display,804,4191,295,14455
2024-03-06,Search,2960,3429,97,19788
2024-03-06,Social,215,3790,288,68832
2024-03-06,Email,714,3780,206,34608
2024-03-06,Affiliate,599,398,10,680
2024-03-06,Display,1921,4573,293,50689
2024-03-07,Search,1746,1870,64,4352
2024-03-07,Social,2983,4825,370,42180
2024-03-07,Email,1690,232,7,686
2024-03-07,Affiliate,2256,1121,66,12276
2024-03-07,Display,2067,3491,135,14850
2024-03-08,Search,2421,3588,167,35905
2024-03-08,Social,1575,1028,76,10412
2024-03-08,Email,1954,3156,70,12040
2024-03-08,Affiliate,866,4546,184,16928
2024-03-08,Display,2901,3683,200,39800
2024-03-09,Search,2741,912,72,16272
2024-03-09,Social,625,834,46,8142
2024-03-09,Email,1884,949,42,8904
2024-03-09,Affiliate,2755,4562,77,10241
2024-03-09,Display,2261,4861,322,61180
2024-03-10,Search,1387,3545,88,19184
2024-03-10,Social,2062,4618,169,11830
2024-03-10,Email,2123,1119,38,8474
2024-03-10,Affiliate,2100,3482,256,47360
2024-03-10,Display,1821,162,12,2640
2024-03-11,Search,1117,4257,127,31115
2024-03-11,Social,2897,2266,71,15833
2024-03-11,Email,1898,2078,21,2646
2024-03-11,Affiliate,333,227,2,444
2024-03-11,Display,1733,4351,293,50689
2024-03-12,Search,1500,2845,62,10292
2024-03-12,Social,1961,2081,101,12120
2024-03-12,Email,989,3322,225,50625
2024-03-12,Affiliate,2566,3615,68,12376
2024-03-12,Display,1799,1523,58,5858
2024-03-13,Search,2318,1397,56,2520
2024-03-13,Social,717,4230,77,12859
2024-03-13,Email,1805,2231,153,9180
2024-03-13,Affiliate,1520,1769,29,754
2024-03-13,Display,1991,194,10,1710
2024-03-14,Search,826,327,17,2703
2024-03-14,Social,522,4784,175,36750
2024-03-14,Email,734,3816,207,45333
2024-03-14,Affiliate,1666,1628,43,10707
2024-03-14,Display,1108,2532,59,13865
2024-03-15,Search,1204,3197,204,38352
2024-03-15,Social,411,2352,37,2072
2024-03-15,Email,2769,289,15,2520
2024-03-15,Affiliate,623,1008,42,7224
2024-03-15,Display,702,977,19,1653
2024-03-16,Search,939,860,13,3068
2024-03-16,Social,1680,1803,67,9715
2024-03-16,Email,289,3489,52,9360
2024-03-16,Affiliate,512,1822,105,12180
2024-03-16,Display,1484,3793,252,16632
2024-03-17,Search,1423,183,13,2444
2024-03-17,Social,2523,357,6,642
2024-03-17,Email,1620,4064,323,55879
2024-03-17,Affiliate,2438,141,2,418
2024-03-17,Display,1242,1096,25,675
2024-03-18,Search,2395,288,13,2782
2024-03-18,Social,824,1871,132,6468
2024-03-18,Email,1088,341,11,836
2024-03-18,Affiliate,541,1136,32,4576
2024-03-18,Display,1016,853,29,4669
2024-03-19,Search,2870,2511,107,24289
2024-03-19,Social,2230,3672,168,20496
2024-03-19,Email,990,2148,47,9165
2024-03-19,Affiliate,1351,3318,57,12711
2024-03-19,Display,2606,2652,57,4104
2024-03-20,Search,2198,3650,262,33536
2024-03-20,Social,2642,2325,156,27924
2024-03-20,Email,640,3237,129,21285
2024-03-20,Affiliate,1645,3163,230,52670
2024-03-20,Display,463,3781,82,2296
2024-03-21,Search,2294,2173,110,10450
2024-03-21,Social,2673,4445,154,4158
2024-03-21,Email,669,1573,104,13416
2024-03-21,Affiliate,961,3030,82,6150
2024-03-21,Display,2890,3144,113,24747
2024-03-22,Search,1487,1101,11,2156
2024-03-22,Social,244,2794,69,11385
2024-03-22,Email,1517,2005,98,11564
2024-03-22,Affiliate,1361,1838,86,3956
2024-03-22,Display,2497,2377,142,34932
2024-03-23,Search,2949,712,35,6475
2024-03-23,Social,1927,3665,118,11918
2024-03-23,Email,1011,1714,23,3358
2024-03-23,Affiliate,2242,483,38,4826
2024-03-23,Display,688,1116,46,7958
2024-03-24,Search,1538,4942,181,30227
2024-03-24,Social,287,2435,27,5940
2024-03-24,Email,2558,138,10,920
2024-03-24,Affiliate,736,3399,42,6552
2024-03-24,Display,2360,420,14,336
2024-03-25,Search,484,3949,65,14625
2024-03-25,Social,1900,2565,74,15688
2024-03-25,Email,1616,3379,52,11336
2024-03-25,Affiliate,1482,4145,219,26280
2024-03-25,Display,1422,3823,170,31280
2024-03-26,Search,697,3163,239,10994
2024-03-26,Social,319,1935,25,550
2024-03-26,Email,768,961,76,18240
2024-03-26,Affiliate,1984,1954,42,2856
2024-03-26,Display,1710,4503,356,69776
2024-03-27,Search,415,2227,159,4929
2024-03-27,Social,653,493,37,1443
2024-03-27,Email,1280,2797,162,35964
2024-03-27,Affiliate,1754,2311,136,7480
2024-03-27,Display,2589,3874,71,7171
2024-03-28,Search,806,4885,352,87648
2024-03-28,Social,1892,3760,213,32589
2024-03-28,Email,2361,2070,104,19656
2024-03-28,Affiliate,2207,2398,78,16146
2024-03-28,Display,2177,1950,32,6912
2024-03-29,Search,1413,778,27,6291
2024-03-29,Social,1192,1786,104,4056
2024-03-29,Email,2225,593,14,2674
2024-03-29,Affiliate,1085,3935,264,17952
2024-03-29,Display,2197,956,32,7296
2024-03-30,Search,2618,4422,203,20300
2024-03-30,Social,1477,3819,213,50481
2024-03-30,Email,2266,965,71,5396
2024-03-30,Affiliate,1689,3258,254,61468
2024-03-30,Display,2741,4306,104,12688
2024-03-31,Search,969,662,19,1178
2024-03-31,Social,1458,4828,267,15219
2024-03-31,Email,2088,977,60,4860
2024-03-31,Affiliate,267,3875,89,2403
2024-03-31,Display,2150,4449,185,16095
2024-04-01,Search,684,4608,73,9490
2024-04-01,Social,1068,1333,50,6500
2024-04-01,Email,2280,2833,38,3382
2024-04-01,Affiliate,1714,901,12,1404
2024-04-01,Display,1930,1688,51,6273
2024-04-02,Search,923,4966,145,25375
2024-04-02,Social,2221,4348,175,33950
2024-04-02,Email,404,2139,164,12464
2024-04-02,Affiliate,671,535,38,6346
2024-04-02,Display,1290,2055,30,1350
2024-04-03,Search,1328,1955,140,27860
2024-04-03,Social,1857,3310,124,9424
2024-04-03,Email,1298,4156,101,22321
2024-04-03,Affiliate,1033,2947,160,32000
2024-04-03,Display,2642,2459,150,6600
2024-04-04,Search,958,4222,310,55490
2024-04-04,Social,2152,2601,181,35476
2024-04-04,Email,1177,1494,47,1739
2024-04-04,Affiliate,882,1634,54,7344
2024-04-04,Display,780,204,11,1419
2024-04-05,Search,1568,270,6,522
2024-04-05,Social,515,1498,86,20468
2024-04-05,Email,239,4966,172,24252
2024-04-05,Affiliate,2588,108,4,332
2024-04-05,Display,2135,996,13,312
2024-04-06,Search,2523,2481,169,26026
2024-04-06,Social,2260,1470,92,20056
2024-04-06,Email,584,919,28,5824
2024-04-06,Affiliate,1574,3807,168,18312
2024-04-06,Display,2435,2208,124,10416
2024-04-07,Search,1692,3858,42,4620
2024-04-07,Social,1433,2833,205,44690
2024-04-07,Email,2919,4980,218,19402
2024-04-07,Affiliate,2327,269,5,625
2024-04-07,Display,1102,1260,44,1188
2024-04-08,Search,1200,4831,298,38740
2024-04-08,Social,1672,1790,111,7659
2024-04-08,Email,1747,984,76,18544
2024-04-08,Affiliate,2767,4563,332,44820
2024-04-08,Display,2358,1533,43,8299
2024-04-09,Search,1628,2813,105,13230
2024-04-09,Social,1331,2633,61,10248
2024-04-09,Email,2330,2912,199,10149
2024-04-09,Affiliate,1975,3827,190,42180
2024-04-09,Display,1621,2462,43,946
2024-04-10,Search,2243,1305,55,3190
2024-04-10,Social,2342,2473,132,25080
2024-04-10,Email,866,2587,114,4104
2024-04-10,Affiliate,1407,227,9,675
2024-04-10,Display,1359,4958,92,13340
2024-04-11,Search,1452,141,5,945
2024-04-11,Social,202,508,14,1526
2024-04-11,Email,1360,4212,238,51408
2024-04-11,Affiliate,2496,1370,105,21210
2024-04-11,Display,1308,1268,101,7070
2024-04-12,Search,1969,4894,363,34122
2024-04-12,Social,1096,363,15,1650
2024-04-12,Email,1218,3264,129,5805
2024-04-12,Affiliate,1270,2574,133,8512
2024-04-12,Display,2509,3670,211,21522
2024-04-13,Search,2568,1240,71,5041
2024-04-13,Social,1224,1211,47,3337
2024-04-13,Email,1433,2598,41,6765
2024-04-13,Affiliate,2773,3877,186,21576
2024-04-13,Display,1989,886,17,2261
2024-04-14,Search,1483,4227,318,64236
2024-04-14,Social,1664,3936,136,18904
2024-04-14,Email,1922,3460,146,23798
2024-04-14,Affiliate,308,3548,57,3135
2024-04-14,Display,2719,2577,167,28056
2024-04-15,Search,2297,3156,59,9381
2024-04-15,Social,2516,2503,34,8024
2024-04-15,Email,1808,1131,43,903
2024-04-15,Affiliate,2095,4343,183,6039
2024-04-15,Display,546,548,15,2790
2024-04-16,Search,638,2831,146,33580
2024-04-16,Social,1390,4732,206,21424
2024-04-16,Email,449,1094,67,12864
2024-04-16,Affiliate,2292,534,31,4712
2024-04-16,Display,790,4704,290,42340
2024-04-17,Search,758,1931,140,25620
2024-04-17,Social,833,2564,138,28152
2024-04-17,Email,226,4072,218,15478
2024-04-17,Affiliate,669,650,6,1044
2024-04-17,Display,695,4358,73,5256
2024-04-18,Search,624,3980,46,6854
2024-04-18,Social,2017,3300,45,2295
2024-04-18,Email,1428,3414,149,9983
2024-04-18,Affiliate,1162,4578,129,22704
2024-04-18,Display,2990,3697,259,45843
2024-04-19,Search,704,3641,73,1825
2024-04-19,Social,956,1260,84,15792
2024-04-19,Email,1185,1498,68,13532
2024-04-19,Affiliate,2439,1741,75,7050
2024-04-19,Display,1385,919,70,10220
2024-04-20,Search,1704,2354,88,17424
2024-04-20,Social,639,3900,152,19456
2024-04-20,Email,806,329,9,450
2024-04-20,Affiliate,2511,3290,35,3395
2024-04-20,Display,339,3741,48,5280
2024-04-21,Search,770,3933,282,38634
2024-04-21,Social,1334,174,13,1443
2024-04-21,Email,2250,4222,104,20800
2024-04-21,Affiliate,2350,3299,151,9664
2024-04-21,Display,2886,1340,46,9384
2024-04-22,Search,2506,2879,121,28919
2024-04-22,Social,773,2380,154,28952
2024-04-22,Email,1440,3327,49,11466
2024-04-22,Affiliate,2842,4062,147,20580
2024-04-22,Display,2681,1577,79,11771
2024-04-23,Search,2898,4404,123,24354
2024-04-23,Social,1527,4923,378,41202
2024-04-23,Email,2594,3407,50,1350
2024-04-23,Affiliate,851,1998,33,1551
2024-04-23,Display,2245,4002,130,10270
2024-04-24,Search,1169,963,70,4480
2024-04-24,Social,1773,3541,264,9240
2024-04-24,Email,2706,2151,38,8968
2024-04-24,Affiliate,498,3717,235,41125
2024-04-24,Display,2785,341,25,2550
2024-04-25,Search,640,3782,137,25071
2024-04-25,Social,2550,4658,111,9324
2024-04-25,Email,2211,3684,211,16247
2024-04-25,Affiliate,1024,1427,57,8835
2024-04-25,Display,987,804,40,7240
2024-04-26,Search,2938,888,21,4767
2024-04-26,Social,775,142,4,496
2024-04-26,Email,2527,4577,322,34454
2024-04-26,Affiliate,959,4426,197,45901
2024-04-26,Display,1049,4772,324,47952
2024-04-27,Search,1642,3020,160,26080
2024-04-27,Social,764,650,26,4680
2024-04-27,Email,1740,680,33,1716
2024-04-27,Affiliate,2318,2543,43,6321
2024-04-27,Display,1144,521,27,2808
2024-04-28,Search,292,1935,130,12220
2024-04-28,Social,1229,3298,195,7215
2024-04-28,Email,846,2459,37,6179
2024-04-28,Affiliate,1188,4341,326,48248
2024-04-28,Display,1478,3370,179,28461
2024-04-29,Search,654,4874,209,18183
2024-04-29,Social,2875,345,4,508
2024-04-29,Email,1268,1742,58,12470
2024-04-29,Affiliate,443,1241,30,6870
2024-04-29,Display,1550,610,16,608
2024-04-30,Search,2509,389,13,494
2024-04-30,Social,1904,5000,308,12320
2024-04-30,Email,2458,4022,306,27234
2024-04-30,Affiliate,370,952,11,1639
2024-04-30,Display,1122,2969,119,11543
2024-05-01,Search,1132,275,20,520
2024-05-01,Social,1003,4476,235,27495
2024-05-01,Email,2993,248,12,396
2024-05-01,Affiliate,1785,3190,187,24310
2024-05-01,Display,1948,4601,90,11880
2024-05-02,Search,683,3112,107,11449
2024-05-02,Social,1988,574,15,645
2024-05-02,Email,2610,182,4,844
2024-05-02,Affiliate,2396,4753,62,13950
2024-05-02,Display,261,2147,143,5577
2024-05-03,Search,432,1138,46,4232
2024-05-03,Social,379,2673,92,17204
2024-05-03,Email,1200,2495,47,5687
2024-05-03,Affiliate,2160,1102,61,2379
2024-05-03,Display,1224,4553,111,22200
2024-05-04,Search,1662,1904,78,7566
2024-05-04,Social,1702,4617,140,26180
2024-05-04,Email,1200,4415,320,32320
2024-05-04,Affiliate,2417,4224,73,7884
2024-05-04,Display,1882,4083,120,8640
2024-05-05,Search,761,4367,114,23826
2024-05-05,Social,2464,1826,33,6765
2024-05-05,Email,781,393,30,5940
2024-05-05,Affiliate,2003,3817,292,7300
2024-05-05,Display,2243,376,10,1700
2024-05-06,Search,1773,2560,173,7093
2024-05-06,Social,444,2386,166,19588
2024-05-06,Email,2228,254,17,2006
2024-05-06,Affiliate,2018,463,11,1287
2024-05-06,Display,955,3631,171,32319
2024-05-07,Search,1449,356,17,1853
2024-05-07,Social,306,2854,212,18444
2024-05-07,Email,2620,1873,118,12626
2024-05-07,Affiliate,2745,3655,258,56760
2024-05-07,Display,433,994,48,9792
2024-05-08,Search,2976,2454,172,26832
2024-05-08,Social,2098,3572,178,29370
2024-05-08,Email,2325,2230,47,5499
2024-05-08,Affiliate,2114,2051,39,897
2024-05-08,Display,1349,2347,37,3071
2024-05-09,Search,2423,2523,84,10164
2024-05-09,Social,358,2346,82,15416
2024-05-09,Email,1226,201,3,495
2024-05-09,Affiliate,2906,2729,186,43896
2024-05-09,Display,932,3735,158,20856
2024-05-10,Search,236,3921,49,5439
2024-05-10,Social,2166,4659,117,3978
2024-05-10,Email,2573,751,22,3872
2024-05-10,Affiliate,2458,2672,205,27060
2024-05-10,Display,936,2213,140,12600
2024-05-11,Search,1263,4154,78,14118
2024-05-11,Social,914,1303,92,17204
2024-05-11,Email,403,2006,36,1044
2024-05-11,Affiliate,954,4251,298,50064
2024-05-11,Display,1499,443,21,1638
2024-05-12,Search,449,2222,173,4152
2024-05-12,Social,2978,2994,143,4433
2024-05-12,Email,2659,2022,69,2691
2024-05-12,Affiliate,2276,3735,66,2574
2024-05-12,Display,1170,1771,58,6670
2024-05-13,Search,2989,3507,52,6708
2024-05-13,Social,1359,1272,14,2450
2024-05-13,Email,1675,2844,222,55278
2024-05-13,Affiliate,2870,3169,136,12920
2024-05-13,Display,2747,355,7,217
2024-05-14,Search,1391,1329,98,2548
2024-05-14,Social,635,1832,121,18150
2024-05-14,Email,2281,4863,291,21825
2024-05-14,Affiliate,1751,4873,59,12095
2024-05-14,Display,814,3221,204,37944
2024-05-15,Search,521,733,56,4312
2024-05-15,Social,2515,4224,337,60997
2024-05-15,Email,2445,3524,168,8568
2024-05-15,Affiliate,2361,521,27,5076
2024-05-15,Display,2348,4362,178,15664
2024-05-16,Search,998,4812,146,11972
2024-05-16,Social,1546,2091,137,15344
2024-05-16,Email,1145,3834,122,5978
2024-05-16,Affiliate,1187,3745,229,56105
2024-05-16,Display,1879,3064,47,7661
2024-05-17,Search,2271,726,53,9911
2024-05-17,Social,2183,1987,82,10414
2024-05-17,Email,1141,4764,323,16796
2024-05-17,Affiliate,2402,2106,135,16740
2024-05-17,Display,2961,4890,276,48300
2024-05-18,Search,1266,2450,83,4150
2024-05-18,Social,533,3446,136,7752
2024-05-18,Email,2559,4148,225,48825
2024-05-18,Affiliate,1011,1573,112,2576
2024-05-18,Display,883,1089,42,9030
2024-05-19,Search,2471,3949,244,12688
2024-05-19,Social,339,3634,42,2604
2024-05-19,Email,499,1184,54,8370
2024-05-19,Affiliate,1789,3559,123,15006
2024-05-19,Display,2481,2077,124,6200
2024-05-20,Search,1579,2857,146,25842
2024-05-20,Social,641,470,7,770
2024-05-20,Email,2038,3449,186,38874
2024-05-20,Affiliate,1984,2469,155,30845
2024-05-20,Display,751,1602,97,16490
2024-05-21,Search,2286,786,16,336
2024-05-21,Social,2631,4958,177,32922
2024-05-21,Email,2057,3207,104,6760
2024-05-21,Affiliate,2283,4917,145,31465
2024-05-21,Display,596,2002,61,6527
2024-05-22,Search,397,4721,218,33572
2024-05-22,Social,2574,4263,294,37926
2024-05-22,Email,1368,2744,101,21513
2024-05-22,Affiliate,930,1273,16,3328
2024-05-22,Display,1062,3626,168,28056
2024-05-23,Search,2720,2675,45,4140
2024-05-23,Social,878,1071,32,4608
2024-05-23,Email,1997,1932,139,12927
2024-05-23,Affiliate,1262,969,72,13680
2024-05-23,Display,1341,1255,20,3220
2024-05-24,Search,2283,1483,17,510
2024-05-24,Social,2411,4506,297,6237
2024-05-24,Email,2200,311,11,1012
2024-05-24,Affiliate,2539,3593,220,33660
2024-05-24,Display,716,3817,116,5568
2024-05-25,Search,691,3740,270,39420
2024-05-25,Social,1277,811,57,5187
2024-05-25,Email,2939,1054,81,18225
2024-05-25,Affiliate,523,1922,117,12051
2024-05-25,Display,841,4253,142,19312
2024-05-26,Search,2783,4301,245,9310
2024-05-26,Social,1489,414,16,3200
2024-05-26,Email,2335,2701,63,10206
2024-05-26,Affiliate,2907,391,29,5220
2024-05-26,Display,232,2114,41,4756
2024-05-27,Search,1101,1702,48,2784
2024-05-27,Social,2184,1632,100,9200
2024-05-27,Email,739,1726,93,3906
2024-05-27,Affiliate,2314,1854,18,666
2024-05-27,Display,2209,4668,246,49446
2024-05-28,Search,929,417,16,1392
2024-05-28,Social,2712,3215,174,13920
2024-05-28,Email,2812,2956,129,24252
2024-05-28,Affiliate,937,2558,176,42944
2024-05-28,Display,1396,4073,180,32580
2024-05-29,Search,1806,4997,174,24882
2024-05-29,Social,1410,890,22,5390
2024-05-29,Email,1376,3537,275,28325
2024-05-29,Affiliate,1213,3580,64,8832
2024-05-29,Display,1506,1030,35,4235
2024-05-30,Search,724,4062,279,67239
2024-05-30,Social,2203,3475,201,5427
2024-05-30,Email,1391,2294,104,25688
2024-05-30,Affiliate,1875,598,29,2958
2024-05-30,Display,1271,2701,104,23608
2024-05-31,Search,2010,3583,135,4455
2024-05-31,Social,1299,4077,248,26288
2024-05-31,Email,2806,473,14,1736
2024-05-31,Affiliate,1106,4789,341,53537
2024-05-31,Display,1044,1003,76,13452
2024-06-01,Search,2701,2800,53,8374
2024-06-01,Social,281,272,17,731
2024-06-01,Email,1565,2989,190,30590
2024-06-01,Affiliate,459,503,23,2576
2024-06-01,Display,2393,1725,136,31824
2024-06-02,Search,2394,3340,234,18252
2024-06-02,Social,1388,1422,104,10816
2024-06-02,Email,1893,1866,90,7470
2024-06-02,Affiliate,255,395,27,5751
2024-06-02,Display,2356,939,42,9324
2024-06-03,Search,2186,446,9,873
2024-06-03,Social,299,1984,107,20972
2024-06-03,Email,1212,376,10,510
2024-06-03,Affiliate,1747,3382,64,13376
2024-06-03,Display,1305,795,12,1788
2024-06-04,Search,1901,265,2,464
2024-06-04,Social,2418,1343,22,3740
2024-06-04,Email,1802,1691,115,27485
2024-06-04,Affiliate,1478,2751,109,22890
2024-06-04,Display,295,2575,75,5325
2024-06-05,Search,608,2264,176,29392
2024-06-05,Social,2130,3184,96,4128
2024-06-05,Email,1110,3428,168,24024
2024-06-05,Affiliate,1364,4468,203,23751
2024-06-05,Display,270,4171,254,29210
2024-06-06,Search,2438,987,41,6847
2024-06-06,Social,301,3355,214,28676
2024-06-06,Email,1714,4005,197,36248
2024-06-06,Affiliate,1472,2823,56,10136
2024-06-06,Display,542,881,43,3139
2024-06-07,Search,2206,4961,136,7616
2024-06-07,Social,1851,3979,185,43290
2024-06-07,Email,2520,2004,28,4088
2024-06-07,Affiliate,1232,3473,110,11660
2024-06-07,Display,816,399,12,1968
2024-06-08,Search,2652,3430,243,21384
2024-06-08,Social,1056,4707,308,48972
2024-06-08,Email,2247,2664,205,16400
2024-06-08,Affiliate,1518,3879,231,34881
2024-06-08,Display,2472,767,57,7296
2024-06-09,Search,517,3177,60,1380
2024-06-09,Social,863,4359,271,16802
2024-06-09,Email,1008,3684,261,12789
2024-06-09,Affiliate,359,3574,159,28620
2024-06-09,Display,2348,4091,80,19440
2024-06-10,Search,2440,3525,133,12635
2024-06-10,Social,681,3667,292,59568
2024-06-10,Email,2971,2320,108,19116
2024-06-10,Affiliate,1722,4718,261,14616
2024-06-10,Display,1388,4386,254,57150
2024-06-11,Search,2714,3141,145,12180
2024-06-11,Social,2133,3891,96,9984
2024-06-11,Email,754,1445,67,15544
2024-06-11,Affiliate,2140,180,5,325
2024-06-11,Display,815,3954,58,1218
2024-06-12,Search,1477,1637,39,1716
2024-06-12,Social,2402,3856,127,4445
2024-06-12,Email,2759,3939,203,7511
2024-06-12,Affiliate,1635,4680,336,36288
2024-06-12,Display,2775,215,16,1440
2024-06-13,Search,1364,3591,182,17836
2024-06-13,Social,1704,3403,256,41728
2024-06-13,Email,2416,1759,27,1593
2024-06-13,Affiliate,621,1873,55,4785
2024-06-13,Display,2508,938,17,2601
2024-06-14,Search,2605,3237,107,23219
2024-06-14,Social,2625,2371,184,38272
2024-06-14,Email,2722,3978,98,1960
2024-06-14,Affiliate,1149,1873,30,6750
2024-06-14,Display,2718,1300,26,3666
2024-06-15,Search,201,2748,42,1386
2024-06-15,Social,761,4291,285,36480
2024-06-15,Email,2923,3964,130,19240
2024-06-15,Affiliate,680,2072,101,11716
2024-06-15,Display,1779,3986,138,32292
2024-06-16,Search,2338,2696,127,31242
2024-06-16,Social,2679,1852,142,25844
2024-06-16,Email,1337,1270,87,14181
2024-06-16,Affiliate,2008,4114,241,20244
2024-06-16,Display,692,4670,340,63240
2024-06-17,Search,1626,1558,18,2034
2024-06-17,Social,2109,2934,178,13172
2024-06-17,Email,2727,4685,334,22712
2024-06-17,Affiliate,1766,3165,71,14981
2024-06-17,Display,243,1704,69,10626
2024-06-18,Search,998,145,7,728
2024-06-18,Social,585,3121,231,34188
2024-06-18,Email,253,2336,28,2520
2024-06-18,Affiliate,2828,4021,152,30096
2024-06-18,Display,1236,2346,126,20916
2024-06-19,Search,324,3956,315,57015
2024-06-19,Social,2061,4116,91,19201
2024-06-19,Email,2852,4569,303,8787
2024-06-19,Affiliate,1713,336,17,3434
2024-06-19,Display,827,1549,109,5777
2024-06-20,Search,539,3537,241,12050
2024-06-20,Social,429,3732,203,7105
2024-06-20,Email,1487,898,62,5642
2024-06-20,Affiliate,995,236,7,1344
2024-06-20,Display,1496,1486,109,18530
2024-06-21,Search,1700,4329,47,8930
2024-06-21,Social,1851,3510,240,45840
2024-06-21,Email,451,632,14,2996
2024-06-21,Affiliate,2254,1308,79,3239
2024-06-21,Display,906,3732,48,8400
2024-06-22,Search,1013,4240,163,29666
2024-06-22,Social,213,2649,77,8393
2024-06-22,Email,682,2897,123,28782
2024-06-22,Affiliate,552,4738,355,14910
2024-06-22,Display,676,841,19,798
2024-06-23,Search,960,2700,138,3450
2024-06-23,Social,893,185,4,460
2024-06-23,Email,2085,765,54,4482
2024-06-23,Affiliate,1460,1665,103,21424
2024-06-23,Display,743,2643,36,7200
2024-06-24,Search,1375,1558,46,7544
2024-06-24,Social,1492,3491,90,6120
2024-06-24,Email,1317,1732,38,3610
2024-06-24,Affiliate,1262,3701,105,15225
2024-06-24,Display,1654,4840,171,37107
2024-06-25,Search,2828,4384,181,32761
2024-06-25,Social,898,400,30,5070
2024-06-25,Email,1779,1375,65,4745
2024-06-25,Affiliate,1977,2941,162,31428
2024-06-25,Display,1382,1799,61,9028
2024-06-26,Search,2459,2303,37,8029
2024-06-26,Social,1063,2215,55,4730
2024-06-26,Email,328,1044,48,8688
2024-06-26,Affiliate,963,3992,78,13260
2024-06-26,Display,1522,3149,155,29140
2024-06-27,Search,2610,377,12,552
2024-06-27,Social,2778,3039,215,4730
2024-06-27,Email,850,3552,153,16218
2024-06-27,Affiliate,2853,920,21,2331
2024-06-27,Display,1454,1433,61,4087
2024-06-28,Search,289,3696,246,33456
2024-06-28,Social,2631,4818,282,58374
2024-06-28,Email,1835,3979,272,22848
2024-06-28,Affiliate,1728,2867,125,15250
2024-06-28,Display,1429,428,33,8052
2024-06-29,Search,1159,4253,74,9546
2024-06-29,Social,1303,4830,183,4941
2024-06-29,Email,871,4295,92,8832
2024-06-29,Affiliate,2644,4393,104,17160
2024-06-29,Display,771,1164,65,14365
2024-06-30,Search,420,840,26,5616
2024-06-30,Social,779,2935,123,7626
2024-06-30,Email,2086,106,5,355
2024-06-30,Affiliate,904,2568,80,5360
2024-06-30,Display,1167,1765,71,14555
2024-07-01,Search,1202,1362,78,18408
2024-07-01,Social,1732,140,6,648
2024-07-01,Email,609,3956,191,22920
2024-07-01,Affiliate,1070,3969,225,52200
2024-07-01,Display,2098,2088,132,5808
2024-07-02,Search,1787,1152,37,1998
2024-07-02,Social,1837,2779,202,46258
2024-07-02,Email,2963,3578,185,28860
2024-07-02,Affiliate,493,2941,129,26961
2024-07-02,Display,2602,320,8,1400
2024-07-03,Search,929,2026,72,7704
2024-07-03,Social,2253,113,5,1060
2024-07-03,Email,1830,732,40,2200
2024-07-03,Affiliate,2247,1639,21,2037
2024-07-03,Display,1983,860,29,5423
2024-07-04,Search,936,3587,73,7227
2024-07-04,Social,1784,4037,50,6350
2024-07-04,Email,935,1439,54,8208
2024-07-04,Affiliate,635,3908,259,27972
2024-07-04,Display,615,3413,226,5198
2024-07-05,Search,858,2713,51,7599
2024-07-05,Social,1772,3824,41,7667
2024-07-05,Email,2945,3390,134,4422
2024-07-05,Affiliate,1440,3581,100,18200
2024-07-05,Display,674,3788,171,37449
2024-07-06,Search,2139,2844,196,22148
2024-07-06,Social,657,1565,123,19188
2024-07-06,Email,1770,755,15,1590
2024-07-06,Affiliate,2617,2212,52,11856
2024-07-06,Display,2717,3827,154,21252
2024-07-07,Search,1353,426,7,1015
2024-07-07,Social,2085,3107,41,7093
2024-07-07,Email,1712,2167,86,16512
2024-07-07,Affiliate,1413,292,14,910
2024-07-07,Display,1401,3023,118,15812
2024-07-08,Search,1529,2538,138,23736
2024-07-08,Social,657,3026,185,28860
2024-07-08,Email,1822,2136,47,7332
2024-07-08,Affiliate,587,1132,68,12376
2024-07-08,Display,2221,3631,263,28404
2024-07-09,Search,2076,2099,155,36115
2024-07-09,Social,2344,4761,200,7800
2024-07-09,Email,1537,3153,39,6825
2024-07-09,Affiliate,2812,928,34,6970
2024-07-09,Display,522,2867,214,45154
2024-07-10,Search,1436,3561,135,9045
2024-07-10,Social,1252,749,51,6630
2024-07-10,Email,676,1669,83,8051
2024-07-10,Affiliate,2721,4311,205,45715
2024-07-10,Display,1198,500,18,2538
2024-07-11,Search,1081,3679,107,20972
2024-07-11,Social,960,2367,106,3286
2024-07-11,Email,2676,3365,247,47671
2024-07-11,Affiliate,1367,2333,24,1752
2024-07-11,Display,276,3494,195,17550
2024-07-12,Search,1293,3888,201,36582
2024-07-12,Social,1503,895,22,528
2024-07-12,Email,1529,1910,27,2511
2024-07-12,Affiliate,2695,3873,198,36036
2024-07-12,Display,2638,2793,133,18753
2024-07-13,Search,2484,202,6,606
2024-07-13,Social,1618,3740,77,18326
2024-07-13,Email,2243,1825,86,5418
2024-07-13,Affiliate,2956,3295,91,2548
2024-07-13,Display,2906,4780,371,67151
2024-07-14,Search,2192,4698,370,15170
2024-07-14,Social,1050,4438,159,14946
2024-07-14,Email,1491,3798,217,5859
2024-07-14,Affiliate,838,4891,105,11550
2024-07-14,Display,2513,3635,142,30530
2024-07-15,Search,295,2425,118,17110
2024-07-15,Social,1161,3174,236,12508
2024-07-15,Email,1750,1111,18,1350
2024-07-15,Affiliate,1065,1006,50,3250
2024-07-15,Display,851,3385,164,18040
2024-07-16,Search,1091,3525,257,23387
2024-07-16,Social,1508,3075,166,31540
2024-07-16,Email,2793,2703,122,19032
2024-07-16,Affiliate,1806,1944,136,19856
2024-07-16,Display,2100,2445,165,22275
2024-07-17,Search,842,1555,59,1180
2024-07-17,Social,2381,2836,179,33473
2024-07-17,Email,905,905,33,6171
2024-07-17,Affiliate,1912,3526,136,24752
2024-07-17,Display,318,1936,38,6764
2024-07-18,Search,2261,759,39,8073
2024-07-18,Social,1874,287,9,747
2024-07-18,Email,881,4763,256,49920
2024-07-18,Affiliate,572,3133,36,6228
2024-07-18,Display,2879,3289,159,38319
2024-07-19,Search,990,1422,59,12095
2024-07-19,Social,1180,1535,66,13332
2024-07-19,Email,1018,2743,52,1872
2024-07-19,Affiliate,326,1795,90,12330
2024-07-19,Display,1203,3734,296,66008
2024-07-20,Search,924,3879,174,8352
2024-07-20,Social,2674,2813,199,11940
2024-07-20,Email,1202,3886,235,8695
2024-07-20,Affiliate,228,364,21,2604
2024-07-20,Display,2328,3951,277,10526
2024-07-21,Search,1908,2230,160,25120
2024-07-21,Social,695,4475,268,35376
2024-07-21,Email,2169,589,17,2057
2024-07-21,Affiliate,363,3076,116,17400
2024-07-21,Display,2777,3704,148,7548
2024-07-22,Search,624,1295,89,19046
2024-07-22,Social,2574,1015,61,6893
2024-07-22,Email,1891,2883,57,4674
2024-07-22,Affiliate,2176,1821,51,5304
2024-07-22,Display,2829,706,29,5829
2024-07-23,Search,2213,2104,132,14124
2024-07-23,Social,1409,3742,124,16740
2024-07-23,Email,1256,4754,139,4031
2024-07-23,Affiliate,773,1312,61,1586
2024-07-23,Display,1105,3138,155,31310
2024-07-24,Search,1392,2612,198,11880
2024-07-24,Social,2525,2596,112,14784
2024-07-24,Email,2957,2515,52,11752
2024-07-24,Affiliate,726,1300,68,16252
2024-07-24,Display,1773,2207,120,3240
2024-07-25,Search,1066,4877,152,25688
2024-07-25,Social,249,2225,78,11700
2024-07-25,Email,2316,3424,148,37000
2024-07-25,Affiliate,897,2919,160,27200
2024-07-25,Display,2252,2674,124,14384
2024-07-26,Search,2187,1485,105,15015
2024-07-26,Social,918,4064,295,6785
2024-07-26,Email,2939,630,21,2079
2024-07-26,Affiliate,1045,1937,39,6825
2024-07-26,Display,689,1713,59,8083
2024-07-27,Search,2532,199,13,3068
2024-07-27,Social,2346,1970,121,13673
2024-07-27,Email,2920,369,13,585
2024-07-27,Affiliate,1549,4256,62,9982
2024-07-27,Display,2390,4505,320,71680
2024-07-28,Search,429,3758,186,15438
2024-07-28,Social,1202,2197,144,9504
2024-07-28,Email,2865,2107,54,10962
2024-07-28,Affiliate,2068,1553,19,3325
2024-07-28,Display,1288,4621,135,28350
2024-07-29,Search,978,621,45,2385
2024-07-29,Social,2340,2580,36,2808
2024-07-29,Email,1199,4897,310,44020
2024-07-29,Affiliate,2101,905,43,9460
2024-07-29,Display,409,2712,177,6726
2024-07-30,Search,1004,4018,72,2952
2024-07-30,Social,2149,1717,29,4930
2024-07-30,Email,1080,4091,126,2772
2024-07-30,Affiliate,2582,3620,254,12192
2024-07-30,Display,2013,1695,86,15652
2024-07-31,Search,2716,3837,304,25536
2024-07-31,Social,1867,2317,103,6695
2024-07-31,Email,1546,4255,186,17112
2024-07-31,Affiliate,2843,2554,72,11232
2024-07-31,Display,1219,2894,84,13692
2024-08-01,Search,2260,2629,141,6768
2024-08-01,Social,946,4094,42,10416
2024-08-01,Email,2287,3954,176,11440
2024-08-01,Affiliate,468,3639,207,9108
2024-08-01,Display,2015,2905,158,24806
2024-08-02,Search,948,1685,108,23220
2024-08-02,Social,1149,1846,58,5684
2024-08-02,Email,1510,4445,191,37245
2024-08-02,Affiliate,1429,1822,91,5369
2024-08-02,Display,1526,1381,32,3872
2024-08-03,Search,903,1393,73,4380
2024-08-03,Social,1533,4330,340,63580
2024-08-03,Email,2638,3515,227,19976
2024-08-03,Affiliate,1136,2253,96,22944
2024-08-03,Display,1443,3137,63,6615
2024-08-04,Search,1649,2683,111,14208
2024-08-04,Social,2507,3323,210,4410
2024-08-04,Email,1855,553,43,4730
2024-08-04,Affiliate,2845,1246,97,20952
2024-08-04,Display,1323,259,17,1207
2024-08-05,Search,1054,2196,67,7705
2024-08-05,Social,296,2736,109,12753
2024-08-05,Email,1534,4671,229,16259
2024-08-05,Affiliate,1080,4220,172,15480
2024-08-05,Display,637,709,19,1957
2024-08-06,Search,2164,4957,212,6572
2024-08-06,Social,2900,3295,191,38200
2024-08-06,Email,2194,2146,63,11025
2024-08-06,Affiliate,2600,3172,44,1496
2024-08-06,Display,2819,2907,85,9690
2024-08-07,Search,1994,2428,43,2322
2024-08-07,Social,503,2758,216,44712
2024-08-07,Email,1894,1343,95,16150
2024-08-07,Affiliate,1424,4802,115,4830
2024-08-07,Display,1995,2108,69,10971
2024-08-08,Search,2906,2235,109,24961
2024-08-08,Social,1393,279,5,1085
2024-08-08,Email,478,2671,205,22960
2024-08-08,Affiliate,2026,1859,42,5838
2024-08-08,Display,1132,3874,136,9520
2024-08-09,Search,2975,2221,61,12871
2024-08-09,Social,294,1249,22,2750
2024-08-09,Email,1950,3346,222,49728
2024-08-09,Affiliate,396,4428,62,9362
2024-08-09,Display,1729,232,11,308
2024-08-10,Search,2265,2779,181,26245
2024-08-10,Social,1357,4808,160,5920
2024-08-10,Email,509,4730,77,12474
2024-08-10,Affiliate,660,4456,93,14043
2024-08-10,Display,559,4801,358,63008
2024-08-11,Search,2863,1663,104,22464
2024-08-11,Social,1965,2368,100,24700
2024-08-11,Email,823,2806,42,7770
2024-08-11,Affiliate,2556,2883,120,26280
2024-08-11,Display,1971,275,10,950
2024-08-12,Search,226,3294,37,2849
2024-08-12,Social,1520,3599,73,17447
2024-08-12,Email,1112,4887,279,28737
2024-08-12,Affiliate,2380,3849,214,15194
2024-08-12,Display,2552,3005,217,44051
2024-08-13,Search,2562,1350,31,1767
2024-08-13,Social,1044,2627,59,1534
2024-08-13,Email,2384,423,27,4266
2024-08-13,Affiliate,1627,667,21,2100
2024-08-13,Display,1142,1810,43,2623
2024-08-14,Search,1937,2320,61,4575
2024-08-14,Social,1655,323,6,1500
2024-08-14,Email,2000,1108,75,8700
2024-08-14,Affiliate,304,3736,264,62832
2024-08-14,Display,1054,3216,43,5676
2024-08-15,Search,1835,1727,42,4914
2024-08-15,Social,2617,1121,18,1152
2024-08-15,Email,2275,4837,293,14943
2024-08-15,Affiliate,867,1817,33,4785
2024-08-15,Display,2677,3035,189,19089
2024-08-16,Search,1900,1664,41,1763
2024-08-16,Social,2276,3047,132,19800
2024-08-16,Email,658,3843,42,4914
2024-08-16,Affiliate,1920,3379,261,11745
2024-08-16,Display,1652,3052,232,54288
2024-08-17,Search,467,3656,278,51708
2024-08-17,Social,1431,1978,158,6478
2024-08-17,Email,2864,3292,234,5616
2024-08-17,Affiliate,1325,2748,36,8496
2024-08-17,Display,1219,1552,76,3952
2024-08-18,Search,2324,1375,27,3780
2024-08-18,Social,359,601,31,2263
2024-08-18,Email,2907,2500,90,11340
2024-08-18,Affiliate,845,3534,77,11704
2024-08-18,Display,820,1587,56,2688
2024-08-19,Search,865,345,15,1470
2024-08-19,Social,1853,3157,232,20184
2024-08-19,Email,2747,2730,32,832
2024-08-19,Affiliate,1558,333,24,672
2024-08-19,Display,791,3439,45,5220
2024-08-20,Search,2651,4402,96,4320
2024-08-20,Social,261,2956,215,9245
2024-08-20,Email,1919,643,11,1551
2024-08-20,Affiliate,2102,3500,244,38308
2024-08-20,Display,2003,1201,84,19068
2024-08-21,Search,2808,105,3,420
2024-08-21,Social,1252,1150,37,5846
2024-08-21,Email,1697,889,38,8018
2024-08-21,Affiliate,2539,1707,32,4832
2024-08-21,Display,731,1268,32,1312
2024-08-22,Search,588,3408,101,17877
2024-08-22,Social,631,2146,55,3685
2024-08-22,Email,2900,2566,84,11592
2024-08-22,Affiliate,2937,4939,229,38243
2024-08-22,Display,1292,1178,38,4370
2024-08-23,Search,2908,1289,65,15405
2024-08-23,Social,340,3254,176,39248
2024-08-23,Email,1010,1592,17,3094
2024-08-23,Affiliate,339,2048,43,4386
2024-08-23,Display,247,4786,208,49712
2024-08-24,Search,1608,1638,88,20152
2024-08-24,Social,2564,3423,142,10508
2024-08-24,Email,2056,2252,108,5400
2024-08-24,Affiliate,1344,4314,322,34132
2024-08-24,Display,963,2191,74,17982
2024-08-25,Search,2196,4596,192,8448
2024-08-25,Social,2936,2904,184,16008
2024-08-25,Email,458,3093,123,3198
2024-08-25,Affiliate,2425,1134,18,2466
2024-08-25,Display,655,1085,52,4940
2024-08-26,Search,717,2947,92,12052
2024-08-26,Social,2466,779,60,8940
2024-08-26,Email,947,3356,226,55596
2024-08-26,Affiliate,2292,1696,33,6402
2024-08-26,Display,1108,236,5,1050
2024-08-27,Search,1649,4405,229,13282
2024-08-27,Social,2505,4446,207,46368
2024-08-27,Email,2383,3070,146,28762
2024-08-27,Affiliate,2374,1466,53,2385
2024-08-27,Display,2986,1456,79,18881
2024-08-28,Search,2732,1953,134,28408
2024-08-28,Social,822,4530,344,60544
2024-08-28,Email,1936,1756,51,6222
2024-08-28,Affiliate,1414,3293,240,30480
2024-08-28,Display,2151,3933,127,25908
2024-08-29,Search,1428,102,1,201
2024-08-29,Social,2476,2652,65,13455
2024-08-29,Email,2711,4965,383,13405
2024-08-29,Affiliate,1880,1249,25,5750
2024-08-29,Display,856,2086,77,4620
2024-08-30,Search,2846,3532,131,9039
2024-08-30,Social,1218,2970,44,3960
2024-08-30,Email,775,3388,63,13167
2024-08-30,Affiliate,2599,1343,32,1792
2024-08-30,Display,2953,2356,148,3256
2024-08-31,Search,2808,1060,49,7546
2024-08-31,Social,620,3959,103,13596
2024-08-31,Email,1423,1122,53,9328
2024-08-31,Affiliate,2061,1358,20,4260
2024-08-31,Display,1598,2329,178,5340
2024-09-01,Search,1762,2192,39,5421
2024-09-01,Social,1944,4892,106,21306
2024-09-01,Email,2195,2484,63,2898
2024-09-01,Affiliate,562,3070,82,19434
2024-09-01,Display,2923,4151,284,36920
2024-09-02,Search,1927,564,30,7230
2024-09-02,Social,1347,2359,172,31476
2024-09-02,Email,2280,2793,109,25506
2024-09-02,Affiliate,1229,3021,47,2115
2024-09-02,Display,2188,2088,106,8056
2024-09-03,Search,2621,3653,206,9476
2024-09-03,Social,2198,4693,246,40344
2024-09-03,Email,1739,4351,308,58520
2024-09-03,Affiliate,1767,444,23,3933
2024-09-03,Display,2832,907,45,2250
2024-09-04,Search,1177,3054,154,30954
2024-09-04,Social,2673,3555,238,48314
2024-09-04,Email,363,2945,162,21384
2024-09-04,Affiliate,2087,4796,337,9773
2024-09-04,Display,1833,3637,206,5356
2024-09-05,Search,1084,4744,107,19367
2024-09-05,Social,1547,909,27,3375
2024-09-05,Email,316,3840,266,22344
2024-09-05,Affiliate,1668,2918,101,8383
2024-09-05,Display,1333,3753,243,25029
2024-09-06,Search,2076,2255,143,8723
2024-09-06,Social,1057,4675,298,47680
2024-09-06,Email,2855,2736,169,35828
2024-09-06,Affiliate,1627,1509,104,24856
2024-09-06,Display,564,2834,98,15386
2024-09-07,Search,1132,2693,183,8235
2024-09-07,Social,570,3426,109,16023
2024-09-07,Email,2819,1625,102,7242
2024-09-07,Affiliate,1284,4076,140,31640
2024-09-07,Display,1993,3061,192,12096
2024-09-08,Search,1522,230,4,672
2024-09-08,Social,1471,4246,250,40750
2024-09-08,Email,1413,4686,223,26983
2024-09-08,Affiliate,2733,722,17,731
2024-09-08,Display,2649,3414,237,13509
2024-09-09,Search,1593,4464,155,8370
2024-09-09,Social,1777,948,65,13520
2024-09-09,Email,1403,4770,371,37842
2024-09-09,Affiliate,1120,3725,252,20664
2024-09-09,Display,2444,1369,77,6930
2024-09-10,Search,307,4150,106,20882
2024-09-10,Social,1096,2109,150,19800
2024-09-10,Email,2853,1869,37,3515
2024-09-10,Affiliate,1198,270,18,2574
2024-09-10,Display,1997,3495,171,28215
2024-09-11,Search,987,3477,80,12160
2024-09-11,Social,2579,3373,181,44707
2024-09-11,Email,1785,2242,133,15029
2024-09-11,Affiliate,1279,3633,130,32500
2024-09-11,Display,1161,2722,130,5070
2024-09-12,Search,750,2735,191,38009
2024-09-12,Social,1211,4509,227,9988
2024-09-12,Email,2278,3997,189,8694
2024-09-12,Affiliate,2674,1966,118,23954
2024-09-12,Display,2841,4638,312,24024
2024-09-13,Search,2105,2304,115,3795
2024-09-13,Social,2085,3687,165,21615
2024-09-13,Email,464,1503,17,2278
2024-09-13,Affiliate,2489,571,41,5822
2024-09-13,Display,805,622,35,1260
2024-09-14,Search,1330,4767,131,32619
2024-09-14,Social,312,4996,221,44200
2024-09-14,Email,746,3346,83,11205
2024-09-14,Affiliate,1469,4510,265,25705
2024-09-14,Display,1553,2005,100,24400
2024-09-15,Search,2280,3435,69,10902
2024-09-15,Social,2990,4907,157,3297
2024-09-15,Email,2696,533,31,3441
2024-09-15,Affiliate,2606,1080,69,2622
2024-09-15,Display,2714,621,29,5974
2024-09-16,Search,860,1694,46,7958
2024-09-16,Social,934,1584,19,2774
2024-09-16,Email,689,2818,45,5535
2024-09-16,Affiliate,2551,3273,217,25389
2024-09-16,Display,2143,1234,85,5610
2024-09-17,Search,592,2649,92,18492
2024-09-17,Social,1962,2164,97,6499
2024-09-17,Email,1267,3388,81,8829
2024-09-17,Affiliate,2851,768,25,5300
2024-09-17,Display,585,4391,123,30135
2024-09-18,Search,2682,598,47,1645
2024-09-18,Social,2996,3156,52,1040
2024-09-18,Email,2367,203,2,236
2024-09-18,Affiliate,1454,326,21,3465
2024-09-18,Display,2507,3170,222,14208
2024-09-19,Search,972,4181,95,7125
2024-09-19,Social,1614,894,63,3717
2024-09-19,Email,2656,3165,158,39184
2024-09-19,Affiliate,2005,1554,70,15960
2024-09-19,Display,2023,348,18,2826
2024-09-20,Search,692,2653,200,9400
2024-09-20,Social,1629,1577,80,4960
2024-09-20,Email,608,4176,98,5782
2024-09-20,Affiliate,2711,2863,216,40608
2024-09-20,Display,2444,3285,213,10437
2024-09-21,Search,2939,4642,67,5561
2024-09-21,Social,1697,1258,33,7557
2024-09-21,Email,2210,1642,107,3210
2024-09-21,Affiliate,1667,580,43,6106
2024-09-21,Display,2901,4942,83,12699
2024-09-22,Search,572,2725,201,32964
2024-09-22,Social,2555,4457,207,44091
2024-09-22,Email,2437,1746,51,2754
2024-09-22,Affiliate,2034,1722,52,9360
2024-09-22,Display,1946,3411,138,5658
2024-09-23,Search,2208,295,13,1326
2024-09-23,Social,2498,4065,214,20972
2024-09-23,Email,2238,2452,156,30888
2024-09-23,Affiliate,425,4421,301,20468
2024-09-23,Display,565,2615,189,39879
2024-09-24,Search,2539,4546,100,10000
2024-09-24,Social,396,4476,53,5141
2024-09-24,Email,1776,1642,56,8792
2024-09-24,Affiliate,414,3653,225,34650
2024-09-24,Display,930,4267,153,30294
2024-09-25,Search,383,1857,31,2077
2024-09-25,Social,1107,2723,41,2952
2024-09-25,Email,2228,1793,89,15664
2024-09-25,Affiliate,263,470,35,2520
2024-09-25,Display,676,2479,25,2025
2024-09-26,Search,2901,2809,221,26299
2024-09-26,Social,1135,3145,233,28426
2024-09-26,Email,383,1377,27,2241
2024-09-26,Affiliate,2746,2215,158,20224
2024-09-26,Display,2986,4773,285,71250
2024-09-27,Search,2764,2637,64,15616
2024-09-27,Social,2876,2333,90,1980
2024-09-27,Email,1903,3488,126,29610
2024-09-27,Affiliate,976,4099,113,2486
2024-09-27,Display,2766,3339,43,9288
2024-09-28,Search,2039,1155,65,5005
2024-09-28,Social,488,1037,18,4500
2024-09-28,Email,2201,644,14,1442
2024-09-28,Affiliate,885,2201,169,34307
2024-09-28,Display,1831,2433,115,10580
2024-09-29,Search,2535,2242,39,1950
2024-09-29,Social,1817,1755,134,21708
2024-09-29,Email,2239,1744,32,928
2024-09-29,Affiliate,2120,4022,71,5538
2024-09-29,Display,355,3279,75,16125
2024-09-30,Search,476,2080,84,9576
2024-09-30,Social,1994,1269,51,11016
2024-09-30,Email,368,4225,269,18292
2024-09-30,Affiliate,1061,2704,35,805
2024-09-30,Display,825,2896,203,17052
2024-10-01,Search,918,2968,125,31250
2024-10-01,Social,2838,562,21,1239
2024-10-01,Email,1395,4241,61,4087
2024-10-01,Affiliate,2769,1692,56,11424
2024-10-01,Display,1997,307,21,777
2024-10-02,Search,1206,4429,133,8113
2024-10-02,Social,787,4582,355,12070
2024-10-02,Email,656,633,24,3744
2024-10-02,Affiliate,271,1491,90,9180
2024-10-02,Display,1717,414,8,368
2024-10-03,Search,1157,148,5,820
2024-10-03,Social,439,3274,208,10400
2024-10-03,Email,1119,388,19,722
2024-10-03,Affiliate,281,4002,302,55870
2024-10-03,Display,1781,2413,139,16541
2024-10-04,Search,2041,2046,118,20768
2024-10-04,Social,1224,2927,230,41860
2024-10-04,Email,2063,4025,299,17641
2024-10-04,Affiliate,2060,4494,321,24717
2024-10-04,Display,791,2449,133,8512
2024-10-05,Search,1791,2207,158,18012
2024-10-05,Social,285,3636,241,13496
2024-10-05,Email,374,3867,149,36505
2024-10-05,Affiliate,2417,1959,155,8060
2024-10-05,Display,2766,2991,73,8979
2024-10-06,Search,1924,3522,148,19980
2024-10-06,Social,2018,3282,139,14734
2024-10-06,Email,1535,3367,65,10075
2024-10-06,Affiliate,1043,2115,53,3604
2024-10-06,Display,2528,1694,129,26574
2024-10-07,Search,2900,3077,224,35840
2024-10-07,Social,1872,3170,174,12876
2024-10-07,Email,1809,1257,53,8374
2024-10-07,Affiliate,2871,3805,118,27494
2024-10-07,Display,2754,3476,47,3525
2024-10-08,Search,1583,4619,333,62604
2024-10-08,Social,1774,4339,174,23142
2024-10-08,Email,297,1791,66,12540
2024-10-08,Affiliate,905,2339,184,35696
2024-10-08,Display,2507,1376,75,12525
2024-10-09,Search,1010,1334,51,7089
2024-10-09,Social,1206,1169,74,10656
2024-10-09,Email,1495,4446,273,66612
2024-10-09,Affiliate,344,895,58,2378
2024-10-09,Display,287,171,12,2904
2024-10-10,Search,416,2815,196,19600
2024-10-10,Social,1661,1763,109,8066
2024-10-10,Email,1459,640,22,2200
2024-10-10,Affiliate,2589,3758,162,32400
2024-10-10,Display,917,2473,77,17325
2024-10-11,Search,2501,1409,102,5916
2024-10-11,Social,868,3501,64,11392
2024-10-11,Email,1878,1396,68,12240
2024-10-11,Affiliate,2123,2403,140,11620
2024-10-11,Display,664,1301,95,4180
2024-10-12,Search,361,1210,86,12126
2024-10-12,Social,1753,4006,87,2175
2024-10-12,Email,2600,3068,230,38870
2024-10-12,Affiliate,2542,1589,65,1625
2024-10-12,Display,2214,4743,161,17066
2024-10-13,Search,548,3130,46,2484
2024-10-13,Social,2756,2558,146,8468
2024-10-13,Email,654,1714,132,13464
2024-10-13,Affiliate,1397,780,27,6048
2024-10-13,Display,2226,230,12,2052
2024-10-14,Search,1911,1484,52,4368
2024-10-14,Social,986,4305,127,19431
2024-10-14,Email,296,4110,132,8184
2024-10-14,Affiliate,413,2056,121,10527
2024-10-14,Display,2038,3646,122,10858
2024-10-15,Search,2889,3852,216,22680
2024-10-15,Social,2458,357,6,1074
2024-10-15,Email,243,4799,54,6318
2024-10-15,Affiliate,1017,3951,144,4176
2024-10-15,Display,2952,2314,136,14280
2024-10-16,Search,1702,4299,299,65780
2024-10-16,Social,1938,3435,204,10812
2024-10-16,Email,1618,2242,109,15805
2024-10-16,Affiliate,1353,2284,36,4860
2024-10-16,Display,2951,794,52,5252
2024-10-17,Search,2284,1029,11,572
2024-10-17,Social,638,2090,31,3565
2024-10-17,Email,466,1361,68,5440
2024-10-17,Affiliate,557,717,7,161
2024-10-17,Display,1597,676,14,2520
2024-10-18,Search,2087,2810,182,8554
2024-10-18,Social,2709,1099,15,825
2024-10-18,Email,1017,764,17,3451
2024-10-18,Affiliate,575,131,5,975
2024-10-18,Display,1154,1822,24,960
2024-10-19,Search,1784,2724,146,10074
2024-10-19,Social,2149,1716,102,14892
2024-10-19,Email,2679,1624,69,14283
2024-10-19,Affiliate,2969,4948,349,12215
2024-10-19,Display,2012,1614,73,2920
2024-10-20,Search,920,1719,48,11712
2024-10-20,Social,2420,4813,375,74625
2024-10-20,Email,707,720,16,3792
2024-10-20,Affiliate,1516,1965,41,7462
2024-10-20,Display,2626,2530,131,19519
2024-10-21,Search,2823,2438,61,5124
2024-10-21,Social,1612,2072,97,18139
2024-10-21,Email,2999,2161,64,3904
2024-10-21,Affiliate,464,604,8,864
2024-10-21,Display,447,3623,56,12040
2024-10-22,Search,2026,198,15,2880
2024-10-22,Social,561,2708,138,15456
2024-10-22,Email,2989,639,31,6386
2024-10-22,Affiliate,1506,3792,132,29964
2024-10-22,Display,2167,3134,140,30100
2024-10-23,Search,2203,2667,128,26880
2024-10-23,Social,979,1968,100,3000
2024-10-23,Email,1645,3456,147,20286
2024-10-23,Affiliate,1528,3403,144,36000
2024-10-23,Display,2102,3804,78,16224
2024-10-24,Search,1779,3537,270,65610
2024-10-24,Social,771,2694,98,23716
2024-10-24,Email,2789,1323,50,1150
2024-10-24,Affiliate,1979,1515,31,2077
2024-10-24,Display,1088,876,9,1260
2024-10-25,Search,813,2319,77,1925
2024-10-25,Social,2237,3313,69,16008
2024-10-25,Email,2450,2374,61,8784
2024-10-25,Affiliate,2685,4188,168,39984
2024-10-25,Display,854,4092,318,11130
2024-10-26,Search,1647,968,14,1428
2024-10-26,Social,2152,2470,49,7448
2024-10-26,Email,2224,1872,73,1679
2024-10-26,Affiliate,1461,1399,47,4653
2024-10-26,Display,2733,3614,190,32870
2024-10-27,Search,730,4438,131,26855
2024-10-27,Social,1729,1149,41,5781
2024-10-27,Email,458,245,10,1260
2024-10-27,Affiliate,1208,1815,138,27048
2024-10-27,Display,1156,2660,144,36000
2024-10-28,Search,2150,2398,117,19539
2024-10-28,Social,1556,1692,123,12546
2024-10-28,Email,2791,4788,373,29094
2024-10-28,Affiliate,2628,2041,136,11288
2024-10-28,Display,2201,4714,202,4848
2024-10-29,Search,1483,4285,307,36226
2024-10-29,Social,807,2734,42,6090
2024-10-29,Email,2095,2279,33,3927
2024-10-29,Affiliate,991,2362,141,15933
2024-10-29,Display,441,3980,108,19656
2024-10-30,Search,212,2780,97,17266
2024-10-30,Social,2176,4702,95,8455
2024-10-30,Email,1510,4070,321,55854
2024-10-30,Affiliate,2396,1738,117,21645
2024-10-30,Display,970,4995,261,24795
2024-10-31,Search,448,1696,79,11771
2024-10-31,Social,1356,2133,139,17792
2024-10-31,Email,244,2542,71,3976
2024-10-31,Affiliate,1412,307,3,552
2024-10-31,Display,1926,744,26,5668
2024-11-01,Search,804,3759,202,32724
2024-11-01,Social,842,4964,203,20300
2024-11-01,Email,641,2340,98,6860
2024-11-01,Affiliate,2684,3813,114,19380
2024-11-01,Display,726,2744,211,10761
2024-11-02,Search,414,2774,135,15390
2024-11-02,Social,780,2682,182,21112
2024-11-02,Email,2453,308,16,2960
2024-11-02,Affiliate,1526,3340,75,13200
2024-11-02,Display,341,2417,78,16614
2024-11-03,Search,2528,422,30,1020
2024-11-03,Social,740,4168,60,2220
2024-11-03,Email,773,1341,23,1403
2024-11-03,Affiliate,1162,852,53,5883
2024-11-03,Display,1585,764,29,6148
2024-11-04,Search,484,4134,157,5495
2024-11-04,Social,2349,3510,192,23232
2024-11-04,Email,834,4590,310,70680
2024-11-04,Affiliate,1048,3774,79,16985
2024-11-04,Display,1268,1962,52,9620
2024-11-05,Search,2999,4668,54,9936
2024-11-05,Social,1123,4021,52,3952
2024-11-05,Email,1152,1350,103,5665
2024-11-05,Affiliate,2250,2717,88,18744
2024-11-05,Display,2798,3342,37,7955
2024-11-06,Search,1386,4132,48,9696
2024-11-06,Social,1899,4605,67,4757
2024-11-06,Email,2615,394,9,1521
2024-11-06,Affiliate,2213,158,5,200
2024-11-06,Display,2582,3115,142,32944
2024-11-07,Search,872,3353,83,13031
2024-11-07,Social,230,2405,68,7820
2024-11-07,Email,2292,3281,69,4899
2024-11-07,Affiliate,2688,2199,73,7519
2024-11-07,Display,1266,3316,60,5580
2024-11-08,Search,2049,336,13,2418
2024-11-08,Social,2951,4292,274,19728
2024-11-08,Email,957,1023,13,2925
2024-11-08,Affiliate,637,1784,42,6930
2024-11-08,Display,1423,1855,133,30457
2024-11-09,Search,1442,3056,129,23865
2024-11-09,Social,2764,1982,98,24108
2024-11-09,Email,1233,1876,85,8415
2024-11-09,Affiliate,250,1872,127,30480
2024-11-09,Display,1567,1790,80,16320
2024-11-10,Search,1791,2781,116,13920
2024-11-10,Social,2665,1453,108,15336
2024-11-10,Email,2497,4988,149,28310
2024-11-10,Affiliate,1217,736,39,9594
2024-11-10,Display,201,355,18,4302
2024-11-11,Search,245,2346,176,17072
2024-11-11,Social,2022,3224,196,11760
2024-11-11,Email,598,538,19,3515
2024-11-11,Affiliate,981,3566,220,25300
2024-11-11,Display,511,2393,93,2325
2024-11-12,Search,1418,386,28,2716
2024-11-12,Social,780,2252,94,23218
2024-11-12,Email,1038,1085,80,16800
2024-11-12,Affiliate,2992,348,24,3384
2024-11-12,Display,915,217,3,615
2024-11-13,Search,1161,3829,271,45528
2024-11-13,Social,2483,2337,67,13333
2024-11-13,Email,2506,4029,58,11426
2024-11-13,Affiliate,827,1865,27,5211
2024-11-13,Display,1745,344,4,520
2024-11-14,Search,2107,3478,77,1771
2024-11-14,Social,2562,460,25,5425
2024-11-14,Email,1350,2406,145,10295
2024-11-14,Affiliate,1294,299,17,4131
2024-11-14,Display,970,2023,117,26559
2024-11-15,Search,207,461,32,7456
2024-11-15,Social,1983,4678,358,51910
2024-11-15,Email,1148,487,14,588
2024-11-15,Affiliate,2649,3108,130,18200
2024-11-15,Display,2430,1442,52,13000
2024-11-16,Search,1720,4613,220,22440
2024-11-16,Social,2818,2940,113,18984
2024-11-16,Email,1845,3148,134,14472
2024-11-16,Affiliate,1397,1309,87,18444
2024-11-16,Display,2225,4542,175,22750
2024-11-17,Search,554,2174,156,16380
2024-11-17,Social,1669,3922,162,25596
2024-11-17,Email,2986,1445,104,11128
2024-11-17,Affiliate,2274,1288,66,10428
2024-11-17,Display,2791,1406,97,16102
2024-11-18,Search,771,1786,120,14520
2024-11-18,Social,534,3532,253,37444
2024-11-18,Email,2428,443,20,3340
2024-11-18,Affiliate,216,2186,164,31160
2024-11-18,Display,874,1957,113,24973
2024-11-19,Search,1571,4107,74,15318
2024-11-19,Social,1729,4592,347,53091
2024-11-19,Email,2890,3317,84,9156
2024-11-19,Affiliate,1871,971,25,4600
2024-11-19,Display,2058,1375,94,23406
2024-11-20,Search,971,104,7,1043
2024-11-20,Social,641,4156,83,3154
2024-11-20,Email,1455,2081,130,12610
2024-11-20,Affiliate,1057,4539,248,56544
2024-11-20,Display,982,292,3,285
2024-11-21,Search,695,1796,41,8938
2024-11-21,Social,2987,684,10,1350
2024-11-21,Email,687,3556,270,51030
2024-11-21,Affiliate,1850,186,10,960
2024-11-21,Display,1605,3276,118,11446
2024-11-22,Search,1955,4930,366,66612
2024-11-22,Social,2718,4960,64,9280
2024-11-22,Email,329,4195,135,3645
2024-11-22,Affiliate,1247,3979,279,32922
2024-11-22,Display,2407,902,35,5950
2024-11-23,Search,2740,2975,227,44265
2024-11-23,Social,2208,323,11,1584
2024-11-23,Email,555,3990,110,4730
2024-11-23,Affiliate,539,2110,128,25984
2024-11-23,Display,2785,870,36,7596
2024-11-24,Search,1581,2077,108,15120
2024-11-24,Social,340,2744,86,18748
2024-11-24,Email,2048,1874,99,4356
2024-11-24,Affiliate,242,1151,59,11328
2024-11-24,Display,315,4247,174,25752
2024-11-25,Search,942,3894,113,18532
2024-11-25,Social,1789,4488,250,8000
2024-11-25,Email,1237,4897,89,13528
2024-11-25,Affiliate,2211,1524,111,10545
2024-11-25,Display,866,426,12,1248
2024-11-26,Search,1947,998,57,13338
2024-11-26,Social,514,1731,75,6225
2024-11-26,Email,223,3272,210,47460
2024-11-26,Affiliate,2878,1546,99,3069
2024-11-26,Display,1438,1596,40,9640
2024-11-27,Search,2997,4880,337,26286
2024-11-27,Social,2021,1051,17,935
2024-11-27,Email,740,4710,54,7938
2024-11-27,Affiliate,1701,3622,41,6314
2024-11-27,Display,1708,4552,79,11139
2024-11-28,Search,337,2384,96,19104
2024-11-28,Social,1929,648,9,783
2024-11-28,Email,2922,3029,130,19370
2024-11-28,Affiliate,1196,1226,22,1342
2024-11-28,Display,553,4772,110,7700
2024-11-29,Search,2027,4572,165,14355
2024-11-29,Social,2157,647,50,9400
2024-11-29,Email,959,4868,189,30807
2024-11-29,Affiliate,362,2002,48,4608
2024-11-29,Display,745,3300,35,1225
2024-11-30,Search,2289,199,3,570
2024-11-30,Social,1289,4897,230,22310
2024-11-30,Email,761,2717,202,48480
2024-11-30,Affiliate,2167,1849,42,5922
2024-11-30,Display,2159,4021,100,6400
2024-12-01,Search,1788,4630,251,39658
2024-12-01,Social,490,1296,73,17447
2024-12-01,Email,2288,1291,90,3330
2024-12-01,Affiliate,2156,4305,341,12958
2024-12-01,Display,2518,1449,39,8268
2024-12-02,Search,1893,3063,231,53361
2024-12-02,Social,1275,3429,48,6240
2024-12-02,Email,375,2725,176,4752
2024-12-02,Affiliate,988,3161,118,20650
2024-12-02,Display,1120,1143,49,10878
2024-12-03,Search,2287,3430,189,40257
2024-12-03,Social,2802,1388,37,5661
2024-12-03,Email,1378,4172,267,34710
2024-12-03,Affiliate,2656,353,13,2119
2024-12-03,Display,547,1292,82,2460
2024-12-04,Search,1713,2372,89,12282
2024-12-04,Social,2863,2897,90,14130
2024-12-04,Email,2679,2779,206,49028
2024-12-04,Affiliate,2124,4289,189,40257
2024-12-04,Display,2614,4689,349,60726
2024-12-05,Search,2654,4802,94,9964
2024-12-05,Social,572,4111,321,50076
2024-12-05,Email,2317,615,16,1408
2024-12-05,Affiliate,1311,2467,127,9906
2024-12-05,Display,1482,2755,202,33128
2024-12-06,Search,983,2955,230,15870
2024-12-06,Social,1572,4340,248,22568
2024-12-06,Email,1280,4996,198,37224
2024-12-06,Affiliate,971,1240,82,16072
2024-12-06,Display,1408,1656,96,10752
2024-12-07,Search,2423,4629,150,33600
2024-12-07,Social,2095,4865,225,11250
2024-12-07,Email,1393,2123,51,11322
2024-12-07,Affiliate,2794,2863,65,12025
2024-12-07,Display,2235,3171,86,12298
2024-12-08,Search,1308,4754,200,21400
2024-12-08,Social,799,2186,114,9576
2024-12-08,Email,709,3184,213,25560
2024-12-08,Affiliate,213,645,14,1190
2024-12-08,Display,2227,3825,288,46080
2024-12-09,Search,2590,2369,108,13716
2024-12-09,Social,1015,2276,30,3870
2024-12-09,Email,2772,4110,212,29892
2024-12-09,Affiliate,1990,3269,104,5720
2024-12-09,Display,941,1106,39,8775
2024-12-10,Search,423,436,30,2730
2024-12-10,Social,640,4593,218,11336
2024-12-10,Email,592,3567,86,21328
2024-12-10,Affiliate,2904,4741,67,3216
2024-12-10,Display,1582,2370,70,5670
2024-12-11,Search,1144,1905,101,16766
2024-12-11,Social,1292,4627,160,12800
2024-12-11,Email,821,288,14,1414
2024-12-11,Affiliate,1100,1507,100,23100
2024-12-11,Display,1769,1764,84,2016
2024-12-12,Search,856,846,42,7434
2024-12-12,Social,1304,4083,76,6308
2024-12-12,Email,1864,1910,51,8976
2024-12-12,Affiliate,878,1521,112,10192
2024-12-12,Display,639,125,3,294
2024-12-13,Search,1982,4848,340,80580
2024-12-13,Social,1783,3754,93,4185
2024-12-13,Email,535,3446,206,27398
2024-12-13,Affiliate,815,3249,225,47700
2024-12-13,Display,1757,288,13,1157
2024-12-14,Search,1040,4126,167,40748
2024-12-14,Social,2346,2904,94,13818
2024-12-14,Email,2278,3277,225,39375
2024-12-14,Affiliate,1041,3155,63,2457
2024-12-14,Display,2661,3193,69,8487
2024-12-15,Search,1048,1885,60,7380
2024-12-15,Social,1322,2137,128,32000
2024-12-15,Email,1145,3208,166,23240
2024-12-15,Affiliate,299,4714,127,25146
2024-12-15,Display,464,3804,227,5675
2024-12-16,Search,1792,4783,163,19071
2024-12-16,Social,283,4121,167,22378
2024-12-16,Email,1937,832,33,3597
2024-12-16,Affiliate,1136,2304,82,7052
2024-12-16,Display,2160,1395,30,7140
2024-12-17,Search,2598,4336,225,51075
2024-12-17,Social,1001,397,31,3503
2024-12-17,Email,396,1972,32,1920
2024-12-17,Affiliate,578,4628,62,2480
2024-12-17,Display,2351,2190,91,8645
2024-12-18,Search,780,3670,108,7236
2024-12-18,Social,1138,3454,109,16677
2024-12-18,Email,473,1999,141,25098
2024-12-18,Affiliate,413,4790,267,58740
2024-12-18,Display,920,2461,119,15232
2024-12-19,Search,887,2035,22,1540
2024-12-19,Social,2668,731,10,450
2024-12-19,Email,1302,1564,74,16206
2024-12-19,Affiliate,2094,4633,293,60065
2024-12-19,Display,932,1351,63,4221
2024-12-20,Search,1206,171,5,315
2024-12-20,Social,1315,4304,288,42624
2024-12-20,Email,2266,565,21,1302
2024-12-20,Affiliate,398,3942,82,4346
2024-12-20,Display,1190,3108,155,14105
2024-12-21,Search,2094,2113,88,17688
2024-12-21,Social,650,2133,45,7875
2024-12-21,Email,373,649,51,2754
2024-12-21,Affiliate,202,2452,103,23072
2024-12-21,Display,2206,3335,161,33005
2024-12-22,Search,1854,4401,187,34595
2024-12-22,Social,2328,2999,195,32565
2024-12-22,Email,1859,2159,100,12400
2024-12-22,Affiliate,883,4221,295,15340
2024-12-22,Display,349,1794,27,3078
2024-12-23,Search,1422,1046,54,6750
2024-12-23,Social,1767,3179,98,2548
2024-12-23,Email,1488,4091,97,2328
2024-12-23,Affiliate,1082,3667,235,49820
2024-12-23,Display,802,3785,267,59274
2024-12-24,Search,772,2573,97,5432
2024-12-24,Social,267,1960,143,12012
2024-12-24,Email,2193,3370,143,19877
2024-12-24,Affiliate,1721,1776,75,9450
2024-12-24,Display,410,2110,161,40089
2024-12-25,Search,2821,929,28,924
2024-12-25,Social,1635,3910,288,71136
2024-12-25,Email,2876,3650,56,5320
2024-12-25,Affiliate,1653,4298,208,6240
2024-12-25,Display,2163,655,22,1518
2024-12-26,Search,1471,4251,91,4095
2024-12-26,Social,797,4700,135,3510
2024-12-26,Email,2286,1891,102,11730
2024-12-26,Affiliate,298,3772,144,32256
2024-12-26,Display,2710,3870,132,13596
2024-12-27,Search,1367,3114,42,6384
2024-12-27,Social,2598,1110,79,16906
2024-12-27,Email,2196,3650,231,6699
2024-12-27,Affiliate,2929,4589,279,45756
2024-12-27,Display,2272,651,52,3068
2024-12-28,Search,1747,2804,157,20724
2024-12-28,Social,2801,2288,45,9675
2024-12-28,Email,1004,863,45,4050
2024-12-28,Affiliate,1815,1904,24,2328
2024-12-28,Display,249,1189,28,4620
2024-12-29,Search,993,3520,232,57072
2024-12-29,Social,821,3597,173,14705
2024-12-29,Email,1062,104,8,488
2024-12-29,Affiliate,353,2275,138,30498
2024-12-29,Display,470,1894,81,5022
2024-12-30,Search,2955,4142,74,14134
2024-12-30,Social,2082,2907,154,17710
2024-12-30,Email,2120,2214,111,17760
2024-12-30,Affiliate,1554,2774,130,24700
2024-12-30,Display,2993,4931,228,20748
2024-12-31,Search,2632,2109,54,1350
2024-12-31,Social,1977,4059,117,17550
2024-12-31,Email,1431,4186,326,40098
2024-12-31,Affiliate,410,4947,153,36720
2024-12-31,Display,1255,972,65,10530
2025-01-01,Search,1115,1893,135,11205
2025-01-01,Social,2101,1355,101,19998
2025-01-01,Email,2420,4243,150,31500
2025-01-01,Affiliate,1837,3534,175,16800
2025-01-01,Display,532,2086,44,6292
2025-01-02,Search,2915,643,41,10127
2025-01-02,Social,433,3668,140,18200
2025-01-02,Email,830,3493,150,4050
2025-01-02,Affiliate,1567,3134,57,4560
2025-01-02,Display,2192,4129,309,37389
2025-01-03,Search,2610,1853,71,16827
2025-01-03,Social,1163,2446,66,14850
2025-01-03,Email,875,2853,60,6180
2025-01-03,Affiliate,2630,3187,222,9990
2025-01-03,Display,536,774,50,1100
2025-01-04,Search,814,4526,181,45069
2025-01-04,Social,578,1344,106,2120
2025-01-04,Email,2130,1554,19,1786
2025-01-04,Affiliate,1702,3026,171,7182
2025-01-04,Display,365,1453,105,10920
2025-01-05,Search,609,419,33,1353
2025-01-05,Social,361,101,6,414
2025-01-05,Email,896,3301,223,32335
2025-01-05,Affiliate,640,2289,117,20709
2025-01-05,Display,2354,687,46,4232
2025-01-06,Search,767,632,26,6188
2025-01-06,Social,1264,1389,76,15124
2025-01-06,Email,2308,887,39,3003
2025-01-06,Affiliate,1362,362,13,1378
2025-01-06,Display,2923,1433,84,19068
2025-01-07,Search,2053,3038,232,22736
2025-01-07,Social,1402,3385,132,10560
2025-01-07,Email,1466,2775,68,9384
2025-01-07,Affiliate,809,1371,17,595
2025-01-07,Display,2607,1064,21,2814
2025-01-08,Search,716,1323,80,7360
2025-01-08,Social,1562,2721,137,27811
2025-01-08,Email,2172,3666,141,25944
2025-01-08,Affiliate,2937,4622,282,27354
2025-01-08,Display,1059,3976,222,25086
2025-01-09,Search,841,3301,77,2772
2025-01-09,Social,400,357,24,5400
2025-01-09,Email,1232,3291,75,11025
2025-01-09,Affiliate,2098,3356,217,52080
2025-01-09,Display,1525,3783,73,7519
2025-01-10,Search,1929,2678,206,43672
2025-01-10,Social,2520,1607,16,3520
2025-01-10,Email,872,2152,84,12096
2025-01-10,Affiliate,1570,1313,16,880
2025-01-10,Display,1183,4300,224,20384
2025-01-11,Search,1028,1578,61,13237
2025-01-11,Social,237,3055,182,40768
2025-01-11,Email,2718,3155,106,4876
2025-01-11,Affiliate,2177,4204,101,5757
2025-01-11,Display,1561,4236,123,14760
2025-01-12,Search,2365,4937,261,45936
2025-01-12,Social,1005,3663,233,48231
2025-01-12,Email,361,3826,296,50616
2025-01-12,Affiliate,2441,2477,118,25134
2025-01-12,Display,2069,464,13,312
2025-01-13,Search,1868,4927,265,58830
2025-01-13,Social,457,3987,271,34146
2025-01-13,Email,2098,4784,125,12500
2025-01-13,Affiliate,2620,1925,79,7584
2025-01-13,Display,2870,417,28,5348
2025-01-14,Search,2573,2181,82,1722
2025-01-14,Social,2373,1977,25,5750
2025-01-14,Email,2040,2057,77,10010
2025-01-14,Affiliate,395,723,47,4230
2025-01-14,Display,2392,4577,346,8304
2025-01-15,Search,2255,2608,166,31374
2025-01-15,Social,409,4168,330,24420
2025-01-15,Email,2387,4624,139,6811
2025-01-15,Affiliate,1161,3286,161,16744
2025-01-15,Display,925,4565,255,5865
2025-01-16,Search,1959,752,24,1968
2025-01-16,Social,2165,269,4,844
2025-01-16,Email,1257,1484,83,15853
2025-01-16,Affiliate,1253,3504,74,9546
2025-01-16,Display,1035,1442,50,10750
2025-01-17,Search,1382,2635,210,41370
2025-01-17,Social,2447,661,10,590
2025-01-17,Email,697,127,9,324
2025-01-17,Affiliate,1306,1566,28,3780
2025-01-17,Display,1582,1094,49,11417
2025-01-18,Search,2389,3911,178,25454
2025-01-18,Social,2936,2379,154,17094
2025-01-18,Email,576,2993,66,14916
2025-01-18,Affiliate,975,4567,347,71135
2025-01-18,Display,274,807,64,3904
2025-01-19,Search,797,2902,61,13908
2025-01-19,Social,2390,1690,73,15549
2025-01-19,Email,2786,2978,35,8330
2025-01-19,Affiliate,1794,3642,62,9362
2025-01-19,Display,1848,1839,39,6942
2025-01-20,Search,2811,4060,260,54860
2025-01-20,Social,474,1957,133,29127
2025-01-20,Email,2224,4666,298,35462
2025-01-20,Affiliate,1519,3121,74,2220
2025-01-20,Display,349,3810,88,14608
2025-01-21,Search,1655,240,18,2070
2025-01-21,Social,2857,2874,112,26208
2025-01-21,Email,230,2681,188,7708
2025-01-21,Affiliate,749,886,45,7335
2025-01-21,Display,677,4956,96,14016
2025-01-22,Search,2467,4618,280,29960
2025-01-22,Social,690,366,23,4209
2025-01-22,Email,1498,2115,67,15410
2025-01-22,Affiliate,1943,2503,31,1457
2025-01-22,Display,424,2559,144,7920
2025-01-23,Search,1257,3209,256,23296
2025-01-23,Social,1592,3475,273,42315
2025-01-23,Email,1690,715,32,6688
2025-01-23,Affiliate,1428,3433,39,3588
2025-01-23,Display,1542,1613,96,23232
2025-01-24,Search,762,4400,229,54502
2025-01-24,Social,610,3069,55,4785
2025-01-24,Email,1567,2707,195,12870
2025-01-24,Affiliate,2560,1839,93,3720
2025-01-24,Display,1148,502,14,3290
2025-01-25,Search,2453,4534,335,13400
2025-01-25,Social,2448,4829,342,54378
2025-01-25,Email,1417,4624,259,11655
2025-01-25,Affiliate,1853,433,13,3172
2025-01-25,Display,1921,861,48,4224
2025-01-26,Search,413,1221,18,3060
2025-01-26,Social,216,975,70,2100
2025-01-26,Email,2121,3058,117,5499
2025-01-26,Affiliate,1282,1400,71,11573
2025-01-26,Display,1214,771,25,1675
2025-01-27,Search,2856,4761,281,12926
2025-01-27,Social,2783,237,10,2060
2025-01-27,Email,718,1487,91,20930
2025-01-27,Affiliate,2995,4275,114,14136
2025-01-27,Display,221,4384,312,52104
2025-01-28,Search,968,4135,199,6965
2025-01-28,Social,1960,1828,96,11424
2025-01-28,Email,988,4423,134,7236
2025-01-28,Affiliate,1856,4939,191,32088
2025-01-28,Display,1378,2306,63,15057
2025-01-29,Search,710,3542,98,17052
2025-01-29,Social,2238,111,8,984
2025-01-29,Email,2619,1666,103,20188
2025-01-29,Affiliate,725,4823,110,20240
2025-01-29,Display,2576,1082,84,6972
2025-01-30,Search,742,429,11,913
2025-01-30,Social,390,691,39,2106
2025-01-30,Email,1093,2365,182,30394
2025-01-30,Affiliate,211,1821,109,25288
2025-01-30,Display,256,3486,60,4320
2025-01-31,Search,2031,1282,26,4810
2025-01-31,Social,704,3120,102,12750
2025-01-31,Email,1751,4350,250,33250
2025-01-31,Affiliate,2916,1751,122,6954
2025-01-31,Display,1046,3288,114,27588
2025-02-01,Search,2927,2088,92,8280
2025-02-01,Social,1991,500,13,1690
2025-02-01,Email,2098,1399,20,4940
2025-02-01,Affiliate,444,3858,180,12960
2025-02-01,Display,1893,1004,71,3976
2025-02-02,Search,1360,2388,53,11448
2025-02-02,Social,256,3976,258,39990
2025-02-02,Email,467,4904,205,19885
2025-02-02,Affiliate,2838,1937,80,15680
2025-02-02,Display,1328,4006,310,27590
2025-02-03,Search,857,4035,102,5508
2025-02-03,Social,270,2020,111,13098
2025-02-03,Email,1096,4619,210,11970
2025-02-03,Affiliate,649,2292,138,21114
2025-02-03,Display,1243,909,26,4888
2025-02-04,Search,2315,2641,164,4100
2025-02-04,Social,457,4746,365,17155
2025-02-04,Email,1188,2416,66,5412
2025-02-04,Affiliate,2937,4654,325,54275
2025-02-04,Display,2370,1598,86,13330
2025-02-05,Search,213,1321,101,10403
2025-02-05,Social,2468,3538,176,3520
2025-02-05,Email,2170,1684,38,7866
2025-02-05,Affiliate,1454,3580,98,22050
2025-02-05,Display,1313,4902,117,14274
2025-02-06,Search,2943,4730,234,10296
2025-02-06,Social,1756,3965,213,52611
2025-02-06,Email,1203,2760,36,3816
2025-02-06,Affiliate,1661,3961,250,39000
2025-02-06,Display,1565,4139,107,17441
2025-02-07,Search,267,724,12,2988
2025-02-07,Social,761,1994,77,2387
2025-02-07,Email,1039,3926,152,31768
2025-02-07,Affiliate,497,940,54,8640
2025-02-07,Display,2007,1211,30,2220
2025-02-08,Search,1094,3138,52,4420
2025-02-08,Social,247,4912,189,17199
2025-02-08,Email,2833,4922,355,88040
2025-02-08,Affiliate,1056,865,29,2320
2025-02-08,Display,2705,1073,17,1428
2025-02-09,Search,2650,4498,279,59706
2025-02-09,Social,1187,461,19,1710
2025-02-09,Email,2416,1468,82,16236
2025-02-09,Affiliate,226,4110,276,20700
2025-02-09,Display,1886,2809,47,6956
2025-02-10,Search,2587,1978,147,13377
2025-02-10,Social,200,3598,211,23421
2025-02-10,Email,2052,4657,273,7098
2025-02-10,Affiliate,599,4783,54,4860
2025-02-10,Display,988,1509,101,7979
2025-02-11,Search,385,1569,37,2701
2025-02-11,Social,1009,1186,36,1260
2025-02-11,Email,2910,3782,97,5238
2025-02-11,Affiliate,328,1065,64,13120
2025-02-11,Display,1036,3103,167,40915
2025-02-12,Search,1427,3637,75,2700
2025-02-12,Social,851,3980,145,9135
2025-02-12,Email,1734,387,18,3510
2025-02-12,Affiliate,1921,989,15,900
2025-02-12,Display,1067,699,14,658
2025-02-13,Search,1980,1978,116,7192
2025-02-13,Social,1290,4361,261,64206
2025-02-13,Email,2973,4448,340,58140
2025-02-13,Affiliate,2598,2803,201,12060
2025-02-13,Display,2634,4465,251,18825
2025-02-14,Search,2039,3580,78,18252
2025-02-14,Social,2023,2387,76,13300
2025-02-14,Email,1077,264,6,570
2025-02-14,Affiliate,1738,4486,190,8170
2025-02-14,Display,2581,1044,68,3536
2025-02-15,Search,420,1982,122,19032
2025-02-15,Social,663,4688,204,37944
2025-02-15,Email,2578,1207,16,1056
2025-02-15,Affiliate,2407,1998,131,10611
2025-02-15,Display,407,4264,298,47382
2025-02-16,Search,503,2078,99,4059
2025-02-16,Social,1589,4401,209,17974
2025-02-16,Email,1269,2820,136,31416
2025-02-16,Affiliate,930,460,18,4266
2025-02-16,Display,1040,1244,82,6232
2025-02-17,Search,2806,832,38,6802
2025-02-17,Social,2011,685,27,4914
2025-02-17,Email,2439,756,46,4692
2025-02-17,Affiliate,2087,1448,83,19588
2025-02-17,Display,1583,345,4,88
2025-02-18,Search,311,298,20,4100
2025-02-18,Social,324,785,25,5325
2025-02-18,Email,2809,4899,76,14896
2025-02-18,Affiliate,979,4038,309,13905
2025-02-18,Display,1998,4515,249,8466
2025-02-19,Search,2783,311,18,1980
2025-02-19,Social,1481,3205,182,40586
2025-02-19,Email,2264,2474,155,13330
2025-02-19,Affiliate,852,796,38,2166
2025-02-19,Display,2659,4821,230,21390
2025-02-20,Search,2211,4378,322,12558
2025-02-20,Social,816,1539,104,9672
2025-02-20,Email,2253,447,14,1960
2025-02-20,Affiliate,365,4254,171,4446
2025-02-20,Display,380,500,5,430
2025-02-21,Search,1206,3195,109,11663
2025-02-21,Social,563,3061,185,16650
2025-02-21,Email,2371,1328,50,8200
2025-02-21,Affiliate,703,2031,79,17696
2025-02-21,Display,1303,4291,111,11322
2025-02-22,Search,1713,501,17,3910
2025-02-22,Social,897,4825,175,5250
2025-02-22,Email,2463,422,22,726
2025-02-22,Affiliate,1865,1803,48,8352
2025-02-22,Display,2715,4673,197,21670
2025-02-23,Search,269,4407,101,3636
2025-02-23,Social,448,2293,151,7701
2025-02-23,Email,1804,2171,148,7548
2025-02-23,Affiliate,2476,4435,273,23478
2025-02-23,Display,2762,2218,171,31464
2025-02-24,Search,926,4584,350,51450
2025-02-24,Social,1219,4324,101,20503
2025-02-24,Email,968,4428,245,29890
2025-02-24,Affiliate,1296,2084,43,1548
2025-02-24,Display,779,3377,180,17100
2025-02-25,Search,899,4373,218,41638
2025-02-25,Social,2931,2619,100,6000
2025-02-25,Email,284,2088,149,31737
2025-02-25,Affiliate,734,3116,188,44368
2025-02-25,Display,2364,3629,90,8910
2025-02-26,Search,1231,773,32,960
2025-02-26,Social,1798,2488,189,34209
2025-02-26,Email,1796,1383,48,10176
2025-02-26,Affiliate,1730,2480,175,5250
2025-02-26,Display,964,3403,221,45084
2025-02-27,Search,2967,3123,105,20370
2025-02-27,Social,965,2507,58,13978
2025-02-27,Email,295,793,34,3332
2025-02-27,Affiliate,1884,2392,168,25368
2025-02-27,Display,2558,4444,201,5025
2025-02-28,Search,1125,992,35,5670
2025-02-28,Social,2251,4349,97,8730
2025-02-28,Email,1558,1199,51,11832
2025-02-28,Affiliate,452,2884,36,7020
2025-02-28,Display,2817,571,45,4230
2025-03-01,Search,1178,1776,131,9563
2025-03-01,Social,1654,1691,114,9690
2025-03-01,Email,2604,2681,192,9792
2025-03-01,Affiliate,1816,1917,127,28702
2025-03-01,Display,618,837,13,2249
2025-03-02,Search,2062,4410,188,45872
2025-03-02,Social,706,4559,61,4270
2025-03-02,Email,1187,4960,81,15633
2025-03-02,Affiliate,1010,4135,104,12792
2025-03-02,Display,2837,2746,219,6570
2025-03-03,Search,1865,384,23,943
2025-03-03,Social,2706,4236,189,19467
2025-03-03,Email,1794,880,37,5476
2025-03-03,Affiliate,1867,4626,279,42966
2025-03-03,Display,234,187,13,949
2025-03-04,Search,308,340,17,1785
2025-03-04,Social,1899,1017,49,11466
2025-03-04,Email,2646,4391,328,26896
2025-03-04,Affiliate,1745,2834,122,24278
2025-03-04,Display,2237,2261,138,31740
2025-03-05,Search,2641,1080,83,10458
2025-03-05,Social,212,1850,69,12144
2025-03-05,Email,1616,1197,86,3354
2025-03-05,Affiliate,1474,680,45,10890
2025-03-05,Display,2354,4810,144,22752
2025-03-06,Search,1397,1950,51,7905
2025-03-06,Social,2155,2909,199,33830
2025-03-06,Email,770,3436,81,18468
2025-03-06,Affiliate,845,1866,97,14453
2025-03-06,Display,805,702,18,1620
2025-03-07,Search,1572,2866,112,4816
2025-03-07,Social,1245,398,23,5497
2025-03-07,Email,1404,1165,54,6696
2025-03-07,Affiliate,375,3105,168,36792
2025-03-07,Display,1582,2046,90,10890
2025-03-08,Search,1955,3666,284,59640
2025-03-08,Social,389,4354,254,12446
2025-03-08,Email,727,3594,232,5568
2025-03-08,Affiliate,372,1680,119,4046
2025-03-08,Display,2330,1764,62,7502
2025-03-09,Search,2688,824,55,11825
2025-03-09,Social,311,3264,67,9112
2025-03-09,Email,497,2724,206,15244
2025-03-09,Affiliate,609,1537,97,8245
2025-03-09,Display,1594,3014,41,5330
2025-03-10,Search,2285,4607,105,17430
2025-03-10,Social,645,4076,219,31536
2025-03-10,Email,1938,4698,258,14448
2025-03-10,Affiliate,2744,1827,144,33408
2025-03-10,Display,1280,2478,154,4620
2025-03-11,Search,674,2083,65,10465
2025-03-11,Social,220,4423,349,76431
2025-03-11,Email,994,2906,89,12638
2025-03-11,Affiliate,2932,4607,283,43865
2025-03-11,Display,759,3437,45,3555
2025-03-12,Search,2842,3166,167,8517
2025-03-12,Social,418,939,53,7155
2025-03-12,Email,273,489,22,3608
2025-03-12,Affiliate,2579,631,41,3813
2025-03-12,Display,2551,1589,119,24038
2025-03-13,Search,2055,2190,111,6882
2025-03-13,Social,1850,4997,296,52984
2025-03-13,Email,2763,3546,225,37350
2025-03-13,Affiliate,1739,2528,172,31648
2025-03-13,Display,2676,3837,62,9486
2025-03-14,Search,1410,1289,61,6893
2025-03-14,Social,2572,3246,177,29205
2025-03-14,Email,1216,1303,43,1978
2025-03-14,Affiliate,1405,274,17,4199
2025-03-14,Display,1468,4765,254,60706
2025-03-15,Search,996,1534,110,5170
2025-03-15,Social,957,1927,58,3248
2025-03-15,Email,1960,3411,168,5712
2025-03-15,Affiliate,1870,288,22,3102
2025-03-15,Display,834,3360,184,25208
2025-03-16,Search,1910,350,19,1216
2025-03-16,Social,1084,2635,129,26445
2025-03-16,Email,1134,4359,228,23484
2025-03-16,Affiliate,2944,3063,170,42500
2025-03-16,Display,2330,1234,69,11247
2025-03-17,Search,271,2432,165,41085
2025-03-17,Social,1611,3438,247,12350
2025-03-17,Email,783,4738,249,26643
2025-03-17,Affiliate,322,4599,305,67100
2025-03-17,Display,803,3427,175,19425
2025-03-18,Search,2430,1301,52,4576
2025-03-18,Social,582,4610,169,19604
2025-03-18,Email,1611,3433,185,42920
2025-03-18,Affiliate,1087,222,10,2270
2025-03-18,Display,1944,904,51,9945
2025-03-19,Search,796,1658,110,11000
2025-03-19,Social,2540,2859,224,47488
2025-03-19,Email,692,2163,149,32482
2025-03-19,Affiliate,1293,3365,161,13041
2025-03-19,Display,2606,2645,183,16287
2025-03-20,Search,2764,432,30,6990
2025-03-20,Social,872,4019,251,5020
2025-03-20,Email,226,4309,174,20880
2025-03-20,Affiliate,1794,612,48,2352
2025-03-20,Display,1785,4227,102,4080
2025-03-21,Search,2937,1683,112,11760
2025-03-21,Social,304,492,37,4292
2025-03-21,Email,2361,558,29,2639
2025-03-21,Affiliate,528,2500,135,5130
2025-03-21,Display,1516,545,22,4796
2025-03-22,Search,925,4374,103,17407
2025-03-22,Social,2015,3468,186,5952
2025-03-22,Email,1708,1906,104,9256
2025-03-22,Affiliate,268,4157,169,29237
2025-03-22,Display,1353,3300,70,14140
2025-03-23,Search,2039,1244,75,16125
2025-03-23,Social,1886,1165,60,6480
2025-03-23,Email,279,4650,306,64260
2025-03-23,Affiliate,2215,3984,297,9504
2025-03-23,Display,859,4731,278,48372
2025-03-24,Search,473,2258,26,4004
2025-03-24,Social,2963,4470,126,8694
2025-03-24,Email,1012,1760,73,3066
2025-03-24,Affiliate,743,2673,93,5859
2025-03-24,Display,1029,2924,216,26352
2025-03-25,Search,645,3927,188,7520
2025-03-25,Social,2101,187,4,1000
2025-03-25,Email,872,932,14,854
2025-03-25,Affiliate,201,3211,57,12084
2025-03-25,Display,1928,2049,138,26358
2025-03-26,Search,1501,1184,50,7950
2025-03-26,Social,2548,2925,106,7208
2025-03-26,Email,1093,3765,57,10830
2025-03-26,Affiliate,2433,2530,79,13509
2025-03-26,Display,401,1481,104,10608
2025-03-27,Search,395,1253,88,8360
2025-03-27,Social,2290,452,35,1540
2025-03-27,Email,1966,2356,70,2310
2025-03-27,Affiliate,1168,3800,92,7728
2025-03-27,Display,616,3363,144,6768
2025-03-28,Search,780,3894,240,35280
2025-03-28,Social,2933,4305,94,6298
2025-03-28,Email,507,214,14,2562
2025-03-28,Affiliate,577,4126,299,50830
2025-03-28,Display,2396,1594,27,1863
2025-03-29,Search,1269,4355,327,41529
2025-03-29,Social,902,4790,231,48048
2025-03-29,Email,2212,3687,97,12513
2025-03-29,Affiliate,1148,4518,122,5978
2025-03-29,Display,2310,1551,74,7474
2025-03-30,Search,1872,338,11,1826
2025-03-30,Social,2041,287,12,2388
2025-03-30,Email,2610,4561,275,35475
2025-03-30,Affiliate,1849,1074,44,8756
2025-03-30,Display,450,3398,238,34986
2025-03-31,Search,1166,3418,158,35708
2025-03-31,Social,800,226,8,160
2025-03-31,Email,1740,4528,90,16920
2025-03-31,Affiliate,900,1578,40,4360
2025-03-31,Display,1543,1404,22,2640
2025-04-01,Search,2980,3098,34,3570
2025-04-01,Social,2408,3764,284,55380
2025-04-01,Email,1285,3417,170,35190
2025-04-01,Affiliate,498,4383,243,15552
2025-04-01,Display,497,4774,94,15510
2025-04-02,Search,1829,3841,241,7230
2025-04-02,Social,2483,4938,234,45396
2025-04-02,Email,1299,2026,81,14175
2025-04-02,Affiliate,2419,2465,159,38478
2025-04-02,Display,266,1397,26,754
2025-04-03,Search,1555,377,28,5516
2025-04-03,Social,1141,4542,183,37332
2025-04-03,Email,2650,2154,98,9212
2025-04-03,Affiliate,2855,1164,35,6125
2025-04-03,Display,1583,4295,209,7524
2025-04-04,Search,2851,788,23,3105
2025-04-04,Social,2764,4570,208,47216
2025-04-04,Email,346,3715,60,3900
2025-04-04,Affiliate,1163,4556,173,20587
2025-04-04,Display,2156,1705,81,15228
2025-04-05,Search,964,314,23,3105
2025-04-05,Social,1325,3216,207,36639
2025-04-05,Email,460,3879,173,26988
2025-04-05,Affiliate,2217,3249,155,37045
2025-04-05,Display,2754,4807,356,53044
2025-04-06,Search,2236,1360,93,4929
2025-04-06,Social,1511,4328,218,31828
2025-04-06,Email,356,4459,143,22022
2025-04-06,Affiliate,202,3365,185,35890
2025-04-06,Display,2760,2045,73,14454
2025-04-07,Search,1303,344,19,4598
2025-04-07,Social,1676,3296,120,21360
2025-04-07,Email,1559,3840,191,5157
2025-04-07,Affiliate,2956,1122,24,6000
2025-04-07,Display,2419,1541,99,10593
2025-04-08,Search,1734,2298,63,9702
2025-04-08,Social,1810,3873,199,13930
2025-04-08,Email,774,2991,202,35552
2025-04-08,Affiliate,1404,1621,88,16016
2025-04-08,Display,745,4463,275,64900
2025-04-09,Search,1302,3306,225,17100
2025-04-09,Social,996,4574,353,58598
2025-04-09,Email,622,2886,110,9460
2025-04-09,Affiliate,526,2785,64,13696
2025-04-09,Display,1583,4059,91,9737
2025-04-10,Search,1793,1473,114,7182
2025-04-10,Social,1853,4926,125,24625
2025-04-10,Email,1110,2912,137,30140
2025-04-10,Affiliate,1715,937,24,3576
2025-04-10,Display,635,4686,279,31806
2025-04-11,Search,1698,310,23,3335
2025-04-11,Social,2325,2253,173,41001
2025-04-11,Email,2488,2757,30,3060
2025-04-11,Affiliate,2197,2453,166,12782
2025-04-11,Display,231,1690,53,9487
2025-04-12,Search,691,4296,290,11310
2025-04-12,Social,663,4042,209,12958
2025-04-12,Email,392,1731,80,16000
2025-04-12,Affiliate,1566,4867,129,28767
2025-04-12,Display,354,804,55,4015
2025-04-13,Search,1815,2619,42,3990
2025-04-13,Social,2058,980,32,3296
2025-04-13,Email,1028,978,24,1536
2025-04-13,Affiliate,1699,1856,124,17484
2025-04-13,Display,2348,897,23,2967
2025-04-14,Search,2032,2699,35,6230
2025-04-14,Social,1288,1326,77,14168
2025-04-14,Email,646,2422,185,41070
2025-04-14,Affiliate,556,388,24,1560
2025-04-14,Display,2070,3236,171,8721
2025-04-15,Search,2623,4390,189,6615
2025-04-15,Social,2678,1178,74,1554
2025-04-15,Email,1312,3057,58,13688
2025-04-15,Affiliate,2306,4415,216,46656
2025-04-15,Display,1626,3394,72,3960
2025-04-16,Search,1555,4666,310,70370
2025-04-16,Social,1953,3508,49,5047
2025-04-16,Email,2590,4248,166,35358
2025-04-16,Affiliate,2042,4514,184,17664
2025-04-16,Display,886,1232,54,5724
2025-04-17,Search,2289,2863,225,55800
2025-04-17,Social,2941,2390,114,12084
2025-04-17,Email,2609,3556,275,61325
2025-04-17,Affiliate,1499,2459,55,2860
2025-04-17,Display,1447,1072,83,18841
2025-04-18,Search,1953,2822,33,7821
2025-04-18,Social,225,422,5,1125
2025-04-18,Email,1456,3151,172,29240
2025-04-18,Affiliate,2851,2001,30,2400
2025-04-18,Display,737,1048,69,16698
2025-04-19,Search,1499,667,16,1632
2025-04-19,Social,1592,4036,49,3528
2025-04-19,Email,2794,3587,175,11550
2025-04-19,Affiliate,2993,922,27,2484
2025-04-19,Display,2329,4399,233,27494
2025-04-20,Search,2602,4119,82,19434
2025-04-20,Social,1109,3565,147,26901
2025-04-20,Email,2006,2497,137,7946
2025-04-20,Affiliate,226,1162,41,6191
2025-04-20,Display,886,3121,94,3478
2025-04-21,Search,2353,1889,125,8000
2025-04-21,Social,2425,967,59,4012
2025-04-21,Email,457,1134,27,1512
2025-04-21,Affiliate,2842,158,8,1432
2025-04-21,Display,579,583,21,462
2025-04-22,Search,568,4356,118,10266
2025-04-22,Social,2205,1411,34,5474
2025-04-22,Email,2097,2926,34,2108
2025-04-22,Affiliate,2131,3409,157,6594
2025-04-22,Display,2924,3835,85,5610
2025-04-23,Search,1633,4032,171,14706
2025-04-23,Social,1687,4704,253,36179
2025-04-23,Email,755,3204,66,10956
2025-04-23,Affiliate,333,2765,55,2365
2025-04-23,Display,2292,3815,140,26320
2025-04-24,Search,2468,2075,126,15120
2025-04-24,Social,417,4600,325,65975
2025-04-24,Email,2000,1090,60,3840
2025-04-24,Affiliate,459,3845,223,15610
2025-04-24,Display,2014,1879,140,26180
2025-04-25,Search,2586,1624,124,3348
2025-04-25,Social,1534,1589,35,5845
2025-04-25,Email,2521,1853,114,27930
2025-04-25,Affiliate,901,925,56,12544
2025-04-25,Display,1539,4893,74,7178
2025-04-26,Search,1167,4631,224,17920
2025-04-26,Social,882,2763,153,30447
2025-04-26,Email,1201,4831,337,53246
2025-04-26,Affiliate,1032,2723,133,13034
2025-04-26,Display,1292,3523,65,13325
2025-04-27,Search,2840,3893,239,58555
2025-04-27,Social,2219,1892,40,4800
2025-04-27,Email,1387,2124,161,26726
2025-04-27,Affiliate,1562,2238,157,26219
2025-04-27,Display,2240,1054,23,3082
2025-04-28,Search,2672,4869,198,13266
2025-04-28,Social,2538,1528,62,3782
2025-04-28,Email,427,2812,76,19000
2025-04-28,Affiliate,2640,3938,248,36456
2025-04-28,Display,660,1855,82,20418
2025-04-29,Search,1538,1232,62,10044
2025-04-29,Social,2325,2090,40,1080
2025-04-29,Email,2965,907,17,1921
2025-04-29,Affiliate,1826,544,26,1664
2025-04-29,Display,354,464,13,2093
2025-04-30,Search,2202,3914,181,26969
2025-04-30,Social,2530,3691,127,9271
2025-04-30,Email,1724,4313,151,12080
2025-04-30,Affiliate,2810,4482,168,5880
2025-04-30,Display,365,1754,19,1843
2025-05-01,Search,1167,3277,180,41040
2025-05-01,Social,2545,4800,155,21235
2025-05-01,Email,472,2941,201,12261
2025-05-01,Affiliate,1060,4773,347,83974
2025-05-01,Display,583,287,18,3312
2025-05-02,Search,2564,1471,94,19364
2025-05-02,Social,2603,2952,166,7138
2025-05-02,Email,1440,1728,75,14025
2025-05-02,Affiliate,2294,1679,23,5290
2025-05-02,Display,1004,140,7,980
2025-05-03,Search,538,1823,105,15435
2025-05-03,Social,580,1043,21,672
2025-05-03,Email,2793,1336,81,3969
2025-05-03,Affiliate,1048,1389,25,4875
2025-05-03,Display,2085,3459,147,27783
2025-05-04,Search,771,538,9,1953
2025-05-04,Social,2958,831,15,1755
2025-05-04,Email,1849,956,18,1188
2025-05-04,Affiliate,371,1090,58,1624
2025-05-04,Display,2028,1214,73,13797
2025-05-05,Search,2367,3685,277,19390
2025-05-05,Social,2751,1853,23,3818
2025-05-05,Email,988,3634,133,9709
2025-05-05,Affiliate,2396,209,11,1496
2025-05-05,Display,2864,2569,165,7590
2025-05-06,Search,812,2410,53,2279
2025-05-06,Social,1365,286,18,3492
2025-05-06,Email,1817,4399,87,9222
2025-05-06,Affiliate,235,4822,272,14688
2025-05-06,Display,814,4985,149,7748
2025-05-07,Search,270,4944,116,27376
2025-05-07,Social,1702,2966,179,41886
2025-05-07,Email,470,110,7,518
2025-05-07,Affiliate,2931,4760,246,12792
2025-05-07,Display,2589,4167,281,61258
2025-05-08,Search,598,1974,153,7650
2025-05-08,Social,781,2356,55,6105
2025-05-08,Email,2451,2775,132,15708
2025-05-08,Affiliate,1457,1167,28,728
2025-05-08,Display,1262,713,51,11169
2025-05-09,Search,839,310,6,858
2025-05-09,Social,420,3560,66,11682
2025-05-09,Email,863,4026,105,15330
2025-05-09,Affiliate,1338,594,12,2136
2025-05-09,Display,451,3729,224,9184
2025-05-10,Search,1966,3591,252,6300
2025-05-10,Social,1888,1969,37,8880
2025-05-10,Email,1352,4450,247,61750
2025-05-10,Affiliate,638,2904,93,22413
2025-05-10,Display,849,162,4,804
2025-05-11,Search,1369,365,10,510
2025-05-11,Social,269,3075,226,27798
2025-05-11,Email,2233,4723,349,63867
2025-05-11,Affiliate,2049,3119,123,27183
2025-05-11,Display,1462,631,22,3762
2025-05-12,Search,2973,2951,106,13568
2025-05-12,Social,906,2116,58,13630
2025-05-12,Email,635,1221,83,6972
2025-05-12,Affiliate,2091,3656,37,1147
2025-05-12,Display,2473,586,37,8288
2025-05-13,Search,2306,1104,14,364
2025-05-13,Social,1889,4637,120,16200
2025-05-13,Email,1832,2362,149,6407
2025-05-13,Affiliate,2202,1426,56,1680
2025-05-13,Display,2429,207,9,2043
2025-05-14,Search,2945,3100,128,7296
2025-05-14,Social,2627,349,24,1128
2025-05-14,Email,1603,598,25,1750
2025-05-14,Affiliate,2282,447,17,782
2025-05-14,Display,1209,541,22,1716
