Borrower_ID,Age,Monthly_Income,Loan_Amount,Loan_Term_Months,Interest_Rate,Credit_Score,Days_Past_Due,Missed_Payments,Employment_Status,Loan_Purpose,Education_Level,Marital_Status,Num_Dependents,Residence_Type,Years_At_Current_Address,Outstanding_Balance,Collateral_Value,Debt_to_Income_Ratio,Collection_Attempts,Previous_Defaults,Recovery_Status
BOR0000,60,6611,47563,60,3.893159308300319,510,244,20,Unemployed,Debt Consolidation,High School,Divorced,0,Rented,13.061889701992543,28324,7610,0.38989206020536893,6,3,1
BOR0001,50,13279,12561,12,14.846969274107359,400,29,13,Retired,Home Improvement,High School,Married,4,Mortgage,28.593603431824135,24624,15791,0.5885050767465011,3,2,1
BOR0002,36,4839,13258,36,4.914164298090707,431,121,4,Employed,Home Improvement,Master's,Married,2,Owned,21.577356017274955,38176,58047,0.28777525124561754,12,0,0
BOR0003,64,10527,21616,24,6.158005492917936,680,124,5,Unemployed,Home Improvement,High School,Divorced,4,Mortgage,27.9049560858765,20245,67906,0.799535395988453,12,2,2
BOR0004,29,7878,31734,36,4.09451362827756,431,36,5,Employed,Medical,PhD,Widowed,2,Mortgage,15.82763919816497,23790,19665,0.222733968963802,5,1,1
BOR0005,42,14784,11371,60,10.860034118624508,319,169,21,Unemployed,Education,Master's,Divorced,3,Owned,7.767128243794188,26756,70246,0.10708010216258507,13,0,1
BOR0006,60,11087,31069,24,6.08406353518582,835,123,17,Self-Employed,Home Improvement,High School,Single,1,Owned,1.5848005909416596,2833,65864,0.20416610016272324,3,3,0
BOR0007,40,8303,19369,48,5.57012003093632,526,356,13,Unemployed,Home Improvement,Bachelor's,Single,3,Rented,21.782545544515514,5285,46451,0.6431106026808887,9,2,1
BOR0008,44,13738,17910,36,4.518389218567276,453,34,9,Retired,Debt Consolidation,High School,Single,2,Rented,3.6390899401660235,9589,45890,0.4127485735557481,14,2,0
BOR0009,32,2851,12943,24,4.6880530069261805,768,86,13,Retired,Debt Consolidation,High School,Divorced,2,Mortgage,9.083253848159016,14116,6794,0.41325017346729986,6,0,0
BOR0010,32,3687,17199,36,10.223713055089771,704,133,12,Employed,Education,High School,Divorced,2,Rented,15.974127236516921,7645,32888,0.768516043728168,0,0,1
BOR0011,45,12123,20728,24,11.414390457465847,501,195,2,Unemployed,Education,Master's,Divorced,0,Rented,16.93249763339243,29150,6749,0.743744435619652,2,3,1
BOR0012,57,8833,28275,12,8.069858367340611,337,273,5,Employed,Business,PhD,Single,1,Owned,18.01749590961408,10889,46531,0.31783631646280647,12,3,1
BOR0013,61,13938,11738,36,9.018816438308843,487,200,7,Employed,Debt Consolidation,Bachelor's,Widowed,3,Owned,4.987659910491019,30286,20608,0.24634069014660634,2,1,0
BOR0014,45,4427,20913,48,11.388628963804317,356,284,11,Self-Employed,Business,High School,Married,3,Rented,11.392122144649463,37545,69211,0.6939375469536179,0,3,1
BOR0015,24,11760,40240,48,3.699867587133016,319,76,12,Self-Employed,Medical,PhD,Divorced,4,Owned,18.515826813509,15994,56017,0.7342133497310542,5,2,0
BOR0016,43,6000,24123,60,7.2160025563082035,572,58,10,Retired,Business,PhD,Widowed,2,Rented,29.094565939013542,35503,57676,0.4791178459589409,14,1,2
BOR0017,23,7052,39529,24,14.690624102808984,418,125,11,Employed,Home Improvement,Master's,Married,2,Owned,21.82893413099066,24662,11560,0.5405965977819704,12,1,1
BOR0018,45,4738,15167,36,10.171290641497883,815,108,0,Retired,Business,Bachelor's,Married,2,Owned,27.678112712818734,39136,54401,0.2798399992846054,10,1,1
BOR0019,65,13690,15554,60,6.423582668821172,520,223,16,Unemployed,Education,Master's,Married,3,Owned,22.866361749425312,26639,50468,0.6605618815849672,13,0,0
BOR0020,51,7732,22260,36,9.499895536316451,825,277,15,Employed,Medical,PhD,Widowed,4,Owned,17.751509066772012,17205,32463,0.5424856999143163,8,3,0
BOR0021,59,7387,8812,24,7.440515113390527,814,67,10,Employed,Home Improvement,PhD,Widowed,0,Rented,5.760701074090337,32930,31663,0.45245945790859765,7,1,2
BOR0022,23,10002,33024,48,9.62081737150244,635,68,12,Unemployed,Business,PhD,Single,1,Mortgage,20.000569556775392,7777,68706,0.14207598925487708,10,0,0
BOR0023,42,7536,32285,12,4.946027385776461,354,164,17,Unemployed,Medical,Master's,Widowed,0,Owned,18.701386978797213,28315,58773,0.7411544737578076,6,0,1
BOR0024,54,5913,31900,48,5.02621851892169,799,304,10,Retired,Medical,Bachelor's,Widowed,3,Rented,18.074075113717992,26973,33123,0.5308159942690843,9,1,1
BOR0025,33,3066,6605,60,5.150737163453018,835,161,11,Retired,Home Improvement,High School,Widowed,2,Rented,14.693576039647223,18316,9718,0.2348837662850776,7,1,0
BOR0026,43,9723,10622,12,14.30792760715868,461,364,5,Unemployed,Business,Master's,Married,1,Owned,15.859698119678269,27304,62637,0.524470281888137,5,2,2
BOR0027,65,6380,11767,60,11.928337560925431,458,341,8,Retired,Medical,PhD,Divorced,3,Mortgage,10.033275813543122,36303,28,0.5742243479679814,8,1,1
BOR0028,46,12636,32139,24,5.36739178861669,487,308,15,Unemployed,Medical,Master's,Single,3,Owned,15.579380779269096,30522,62370,0.4680392356782579,2,2,0
BOR0029,48,6107,16613,12,5.666014463304417,359,342,3,Employed,Debt Consolidation,PhD,Divorced,3,Rented,5.926677170354347,22340,47599,0.6026712165692157,14,1,0
BOR0030,63,7726,15589,60,11.904538961015078,618,41,2,Employed,Medical,High School,Divorced,1,Mortgage,24.155231920811303,19830,17397,0.507017763550037,9,1,0
BOR0031,49,5373,18918,24,5.29588421511,510,353,15,Self-Employed,Debt Consolidation,High School,Widowed,1,Rented,5.573308640961234,13403,45406,0.7634387074225037,9,3,2
BOR0032,37,14161,25119,48,6.19745487335053,705,108,23,Employed,Business,Bachelor's,Single,4,Owned,2.5489886966839927,14516,47657,0.1375879550195148,8,1,1
BOR0033,36,12738,32446,24,14.57848857743459,408,50,11,Unemployed,Business,PhD,Divorced,4,Mortgage,13.087380790714722,19091,67560,0.17437199592869235,3,1,0
BOR0034,68,10945,18046,36,6.436025034376966,375,249,10,Retired,Business,Bachelor's,Divorced,0,Rented,19.749223185181854,7959,13503,0.22157014586803792,6,2,0
BOR0035,65,4082,29818,24,11.108772029268188,841,340,4,Self-Employed,Education,Bachelor's,Single,1,Rented,13.131504748006241,31932,54943,0.5831197494230326,14,2,1
BOR0036,24,12966,40358,24,14.7542598051061,613,20,17,Retired,Business,High School,Widowed,1,Rented,8.302623958539257,30554,75839,0.5519171109248662,12,3,1
BOR0037,58,13088,9324,36,7.804412822107616,416,299,18,Unemployed,Medical,Master's,Divorced,1,Owned,16.745135516713223,36701,25345,0.7244412021467859,8,1,1
BOR0038,28,14377,15787,60,3.7014338949137158,318,138,22,Employed,Home Improvement,Master's,Married,4,Mortgage,10.410070062365998,3385,50390,0.6130142170187289,1,1,0
BOR0039,42,10967,14111,60,6.307693839857304,731,358,22,Self-Employed,Debt Consolidation,Bachelor's,Divorced,3,Owned,27.986030703798992,33690,59557,0.45584884129521464,1,2,0
BOR0040,30,8748,43110,24,13.055087700429613,649,323,5,Unemployed,Education,High School,Married,2,Owned,27.679354188107162,10367,65054,0.7942822547245413,8,0,1
BOR0041,60,11817,21389,36,13.443001613482922,482,91,21,Self-Employed,Business,PhD,Widowed,4,Owned,15.071154599162863,33332,1906,0.28627556931850945,11,0,2
BOR0042,39,13261,46427,36,12.337972692023598,412,279,17,Self-Employed,Business,Master's,Divorced,1,Mortgage,9.836519820547755,19642,40167,0.6832341618498178,12,0,0
BOR0043,25,2417,19043,48,4.80076291938059,482,124,5,Employed,Home Improvement,Bachelor's,Single,4,Owned,22.113972418699174,10789,7961,0.39875326053574356,2,2,1
BOR0044,46,10306,33746,60,12.648369274508637,780,110,3,Unemployed,Home Improvement,Master's,Single,0,Owned,1.1013883044919992,35268,26140,0.554114597213014,8,2,1
BOR0045,35,10808,27350,12,14.0647946654253,445,353,11,Retired,Education,Master's,Divorced,1,Owned,14.243070181309538,20950,58701,0.6090879293167039,12,0,1
BOR0046,30,5974,46605,60,10.407009739281715,412,138,18,Self-Employed,Debt Consolidation,PhD,Widowed,0,Owned,10.089701828110005,25563,77567,0.5436278610332355,14,0,0
BOR0047,47,5267,5117,60,14.320066597887745,775,272,1,Self-Employed,Business,High School,Widowed,1,Rented,27.616076553076642,39649,28561,0.1983551121760153,4,1,2
BOR0048,23,2825,23935,48,13.00864716268659,602,98,16,Retired,Education,PhD,Single,4,Owned,0.3600908181804763,36404,50568,0.410065707523553,5,2,1
BOR0049,41,9668,18234,12,11.170172445395433,417,251,10,Unemployed,Medical,High School,Divorced,3,Rented,16.584446271550473,32991,73302,0.4930068645531871,1,2,1
BOR0050,49,7745,43328,48,10.137630222185104,460,337,10,Self-Employed,Medical,Master's,Widowed,2,Owned,22.21990743199878,39065,29504,0.6943306314250177,7,0,0
BOR0051,68,11708,5846,12,7.50859717328266,700,103,20,Self-Employed,Education,Bachelor's,Single,0,Mortgage,14.550539625721237,350,37146,0.4105520241590007,10,0,0
BOR0052,28,13338,15954,24,5.3318056202922595,497,213,15,Self-Employed,Business,PhD,Married,4,Rented,2.56209090488165,18312,40297,0.7431231133629761,8,3,0
BOR0053,65,2412,18703,12,10.45697011094122,559,248,1,Unemployed,Education,High School,Divorced,3,Rented,29.173841700837066,24127,68607,0.4082619561176475,1,2,1
BOR0054,29,9543,27700,48,7.158282866608374,346,151,1,Unemployed,Business,Master's,Married,4,Rented,15.540312941282938,28853,16939,0.4841459014841082,5,3,0
BOR0055,68,9587,37043,60,13.464044676567923,698,249,22,Retired,Home Improvement,High School,Married,0,Rented,18.42558732957034,37500,50715,0.6573999780599608,5,1,1
BOR0056,56,2728,11469,12,14.923374779624227,377,274,7,Unemployed,Education,High School,Widowed,2,Mortgage,7.09829348122522,33785,44460,0.5081473790955006,7,3,0
BOR0057,35,13540,35105,12,12.152919270079083,423,164,12,Unemployed,Business,High School,Widowed,4,Owned,14.504942553204113,18610,66576,0.7721526506679773,9,0,1
BOR0058,38,9164,47101,36,4.540539495801084,374,340,9,Employed,Education,Master's,Widowed,1,Rented,12.874484758749656,23590,68222,0.5622350813598893,11,2,1
BOR0059,57,13000,31386,60,6.819884348602338,436,7,7,Retired,Education,Bachelor's,Divorced,3,Mortgage,2.246875260059512,29443,12666,0.4658966178473207,4,2,0
BOR0060,61,10867,41976,24,4.754760765306122,699,283,3,Self-Employed,Business,Bachelor's,Married,4,Rented,3.1848106064240165,7170,62119,0.11651437744655711,8,3,0
BOR0061,25,13657,44051,48,10.980883949604731,804,4,14,Unemployed,Business,Bachelor's,Divorced,3,Owned,25.124175588563237,13303,35321,0.3896130283062309,0,3,0
BOR0062,23,7988,7048,24,12.299694942391524,799,144,0,Self-Employed,Debt Consolidation,High School,Widowed,1,Rented,7.194598566197707,6207,1779,0.3094738934821123,8,1,1
BOR0063,27,4504,44001,60,14.145260555128186,437,100,10,Self-Employed,Education,Master's,Married,2,Mortgage,5.8487481449589165,12316,13186,0.6236739675212425,9,1,1
BOR0064,63,4967,17941,12,8.538981983737859,349,163,6,Employed,Medical,High School,Divorced,2,Owned,15.147343537504177,35187,16459,0.24579437260748208,6,0,0
BOR0065,25,4786,47533,12,13.86581997026711,553,146,16,Unemployed,Education,Bachelor's,Divorced,1,Mortgage,23.062413940875388,6240,5057,0.24365406110585028,3,0,1
BOR0066,50,3122,6828,60,13.595748328975267,725,63,19,Retired,Education,Bachelor's,Single,3,Owned,1.8583955573696376,1893,60663,0.23266333026616376,2,0,0
BOR0067,39,6079,6917,12,7.147750742802083,846,90,23,Unemployed,Business,Master's,Divorced,4,Owned,17.304237589147675,13753,18733,0.18793092920936516,13,3,0
BOR0068,47,3571,25618,12,13.492357193716566,601,116,17,Self-Employed,Education,High School,Widowed,1,Owned,3.576313285217201,38090,19157,0.31770490256962125,9,3,0
BOR0069,65,7073,37254,12,7.820230896639854,648,353,21,Retired,Education,PhD,Divorced,0,Rented,1.0938315247685537,11232,35030,0.7201454801103976,14,2,2
BOR0070,55,7104,44756,48,6.913996657443229,348,266,21,Unemployed,Medical,PhD,Married,3,Mortgage,1.5823185648665217,17509,19613,0.6424499306141686,10,0,0
BOR0071,31,4143,25128,48,10.96435857613552,373,309,11,Self-Employed,Business,Bachelor's,Divorced,2,Mortgage,25.02492324625324,3117,5188,0.6146758514147554,13,3,0
BOR0072,57,11879,5009,36,7.276384120678433,560,172,8,Self-Employed,Education,Master's,Single,1,Mortgage,3.539174508841847,36929,29680,0.6581357639549739,5,2,0
BOR0073,35,8806,21644,24,10.747400605785158,655,46,4,Employed,Home Improvement,High School,Married,2,Owned,1.3545409323687585,4042,60119,0.2885925225307002,11,0,0
BOR0074,52,9357,27422,60,10.513065763234987,559,139,9,Employed,Debt Consolidation,High School,Married,3,Rented,13.13699661428737,37201,74400,0.7212091835267415,12,1,1
BOR0075,69,14324,14865,60,9.979547664507276,594,245,3,Employed,Medical,Bachelor's,Single,2,Owned,25.319804158260744,26746,55718,0.1961123625991231,0,1,0
BOR0076,36,14043,7219,60,7.874826598677173,612,148,4,Self-Employed,Education,Bachelor's,Widowed,1,Mortgage,7.872251294679058,14016,36445,0.33544200870090735,2,3,0
BOR0077,29,5440,44809,36,9.807746798991982,481,245,9,Unemployed,Home Improvement,High School,Married,3,Rented,12.651378525777492,25022,5796,0.5107236832771401,1,2,1
BOR0078,35,5766,10287,48,10.359582962332349,663,4,10,Employed,Education,High School,Widowed,0,Rented,1.1976759769125367,35426,47218,0.17203356183940044,10,1,0
BOR0079,44,7644,39387,36,9.775399217697945,487,183,20,Unemployed,Education,Bachelor's,Married,1,Rented,13.472355424046276,27938,39131,0.6110911314434975,12,2,1
BOR0080,61,12518,13512,60,8.610823706638818,842,19,23,Employed,Business,High School,Married,4,Mortgage,17.32839241911401,35712,8123,0.3710722337424325,8,2,1
BOR0081,42,4914,6342,24,3.6686711560320338,847,45,9,Retired,Business,PhD,Widowed,1,Rented,17.127211612564345,39978,8222,0.6490839659258801,2,1,0
BOR0082,37,6968,48336,12,10.251209638563235,707,11,7,Retired,Business,Bachelor's,Married,3,Rented,9.972800765230955,8787,24074,0.4450273999092219,12,2,1
BOR0083,66,7917,24216,48,5.437110429141276,713,69,1,Employed,Home Improvement,High School,Widowed,1,Owned,9.465995419894066,1986,29825,0.22661216709773546,1,1,0
BOR0084,39,14144,32534,48,10.88962364289268,641,16,22,Self-Employed,Education,Bachelor's,Single,0,Owned,3.1987085680979366,10942,36839,0.6143332679487411,3,3,1
BOR0085,68,10787,19231,36,12.232459771112959,519,146,7,Employed,Debt Consolidation,Master's,Widowed,0,Rented,11.003949619388052,17458,68322,0.2765007690872605,14,0,1
BOR0086,45,2728,37293,48,9.255121055003528,462,153,15,Employed,Medical,Bachelor's,Single,4,Rented,2.98484006618894,12161,56321,0.44356721088762996,13,0,0
BOR0087,47,3365,31614,60,9.73718214726699,519,303,21,Self-Employed,Business,Bachelor's,Married,2,Owned,22.99787834136155,20689,25988,0.15287328840983533,1,3,1
BOR0088,46,6492,41258,60,14.442003436158899,569,107,4,Retired,Business,Master's,Widowed,3,Owned,28.988228932445576,29163,35507,0.5325066580884258,0,1,2
BOR0089,66,2698,33253,36,13.242424655784603,699,235,2,Unemployed,Education,PhD,Married,3,Owned,29.102233700001207,35775,23806,0.5661004363513941,5,1,2
BOR0090,62,9186,47078,60,14.013719933441903,481,307,11,Employed,Education,High School,Widowed,2,Mortgage,25.952132981261816,33737,36901,0.36507194698094847,14,1,1
BOR0091,50,2395,45752,24,12.858312315675244,504,351,12,Self-Employed,Home Improvement,Master's,Single,0,Mortgage,18.023764480188575,8772,17043,0.7680959462247517,9,1,1
BOR0092,36,9400,22988,36,4.7525609312374115,527,69,12,Employed,Home Improvement,Bachelor's,Single,0,Owned,21.025970917316396,35592,75761,0.7119182450374479,7,3,0
BOR0093,66,10082,36037,24,5.213406343657239,549,182,9,Self-Employed,Business,High School,Widowed,1,Rented,8.556174080412422,1211,9752,0.5955586410179964,9,0,0
BOR0094,22,6171,17219,12,9.556173668593036,740,249,3,Unemployed,Education,Master's,Single,4,Owned,18.92311260517862,229,68993,0.5995564521456199,9,2,1
BOR0095,46,6360,5235,24,6.32980107617698,832,227,8,Unemployed,Debt Consolidation,High School,Married,4,Mortgage,13.669486483196323,14345,42616,0.2766812004595059,1,2,0
BOR0096,28,4502,47929,12,8.981997962973331,495,101,21,Retired,Medical,High School,Married,4,Rented,14.460520193307975,35953,52127,0.5597706617619144,13,0,2
BOR0097,30,12011,6908,12,8.035201223911027,818,74,23,Self-Employed,Education,Master's,Divorced,1,Mortgage,22.73329681125474,31819,74777,0.23874438566486378,8,3,0
BOR0098,45,2717,13567,24,9.818263741950213,369,215,22,Self-Employed,Education,High School,Single,4,Rented,8.45755066791755,16885,453,0.2008022567438755,14,2,0
BOR0099,22,4782,41298,36,12.089070735561961,698,202,1,Retired,Home Improvement,PhD,Married,2,Mortgage,9.541188350835597,26708,75432,0.7996275259418062,12,0,0
BOR0100,65,6946,10256,60,11.728145431641655,502,191,18,Retired,Medical,Master's,Widowed,1,Rented,27.7392537338591,48,10976,0.535663152031222,2,3,2
BOR0101,29,13769,24019,60,9.494192523581345,447,248,0,Self-Employed,Business,PhD,Single,2,Rented,1.6867288455291674,19950,70404,0.4016915108600334,7,2,1
BOR0102,45,7486,13162,12,12.957524316396167,771,241,6,Retired,Education,Bachelor's,Married,1,Rented,14.569028952400211,15173,77707,0.30171516601876597,11,1,1
BOR0103,32,10335,10415,12,8.454914052687384,498,178,16,Unemployed,Business,High School,Single,4,Rented,27.38402401223585,33737,33688,0.5227443105635592,7,1,0
BOR0104,38,6980,41159,36,13.812214333161407,725,218,2,Employed,Education,Bachelor's,Widowed,2,Mortgage,18.31089023454471,28036,2017,0.1347154557540603,14,3,2
BOR0105,29,13332,48925,48,4.3197231056343846,791,81,19,Unemployed,Business,Bachelor's,Married,2,Mortgage,16.392212226363963,5820,7957,0.16627669335335654,2,1,0
BOR0106,56,9266,10951,24,14.478590345383036,441,91,19,Retired,Medical,High School,Divorced,2,Rented,7.492325376880657,14292,4792,0.12299968841827745,2,3,2
BOR0107,56,6491,26852,12,11.028970436460504,612,174,20,Self-Employed,Home Improvement,Master's,Divorced,1,Rented,10.298264671933449,3052,55982,0.44941888328386326,11,0,1
BOR0108,54,9192,13007,60,7.870856852777861,464,238,2,Self-Employed,Medical,High School,Single,3,Mortgage,25.561452474140786,23781,13237,0.5204246404310279,14,0,0
BOR0109,26,13130,46832,36,5.767272455588089,613,259,2,Unemployed,Debt Consolidation,Bachelor's,Widowed,4,Rented,16.776543953053743,2302,51586,0.1437358329504746,5,2,1
BOR0110,63,7588,35523,24,9.010607138601399,320,364,16,Self-Employed,Home Improvement,Bachelor's,Married,2,Rented,15.442265812703397,2283,19252,0.6048571272492416,0,3,1
BOR0111,60,9651,28325,36,5.737420716630961,381,162,6,Retired,Medical,Master's,Widowed,3,Rented,2.9873914062008677,15620,10707,0.2612765500601951,3,2,0
BOR0112,62,5636,26204,24,5.412813489046135,430,47,13,Unemployed,Debt Consolidation,High School,Married,4,Owned,0.48084469365369364,30461,34206,0.5796410176389063,0,2,2
BOR0113,49,13414,20524,24,10.599545210249204,604,328,16,Self-Employed,Education,Bachelor's,Single,4,Rented,28.91055566061147,20750,3543,0.787327998024672,13,0,1
BOR0114,28,3167,24282,12,9.515474332690523,670,327,17,Employed,Education,PhD,Married,2,Owned,11.30958501860525,32890,44135,0.5837741090376959,2,2,0
BOR0115,30,12808,28930,36,11.206104398025829,683,115,12,Employed,Business,Bachelor's,Widowed,2,Rented,18.09639186298513,23183,35031,0.718235137046526,8,1,0
BOR0116,29,3062,5077,36,14.190467590352876,744,336,19,Retired,Home Improvement,Bachelor's,Widowed,1,Mortgage,2.39145219561855,9472,42929,0.7637389547201472,13,2,1
BOR0117,33,4156,45345,60,9.620992453398962,724,336,19,Self-Employed,Education,Master's,Single,3,Owned,20.493428571691396,3727,65747,0.44072573384662095,13,3,1
BOR0118,55,9860,25611,60,10.180718612522174,460,224,20,Retired,Home Improvement,PhD,Widowed,3,Owned,27.977001261178827,25523,57851,0.5916274855937949,4,1,1
BOR0119,54,7161,21984,12,4.530702900281835,477,351,17,Unemployed,Education,Bachelor's,Married,2,Rented,17.26995758992259,30766,55311,0.6963784774890892,11,0,1
BOR0120,69,7305,19060,12,11.75281153794924,789,327,3,Employed,Business,Bachelor's,Single,4,Rented,3.783459671262317,37726,65867,0.34962623901207035,4,3,1
BOR0121,44,13174,22449,48,8.098909878247795,626,146,0,Unemployed,Medical,PhD,Married,2,Owned,17.451645824204302,524,57196,0.2829781215922764,10,1,2
BOR0122,45,8541,23520,60,14.732340244619657,588,62,17,Self-Employed,Business,High School,Widowed,4,Mortgage,22.990416393139572,9079,73705,0.7626190009448371,3,3,1
BOR0123,58,13486,48303,24,12.966501179350093,653,293,0,Retired,Debt Consolidation,High School,Single,4,Mortgage,12.192496097220559,8399,57894,0.6084124502581726,2,1,2
BOR0124,56,6729,14510,36,9.508531965935362,327,322,12,Retired,Education,Bachelor's,Married,2,Rented,26.395132438244037,27370,14591,0.2537774933630784,4,3,0
BOR0125,65,11348,34287,12,4.917060522979909,342,324,19,Retired,Debt Consolidation,Bachelor's,Widowed,0,Mortgage,19.460488600720936,16532,48893,0.4143583748732794,14,3,0
BOR0126,61,9330,33173,36,13.383281622726775,722,12,19,Unemployed,Debt Consolidation,High School,Widowed,3,Mortgage,26.977467548676074,16821,727,0.6575162386764666,13,1,0
BOR0127,43,7334,44711,36,12.697482597376249,476,188,22,Employed,Home Improvement,Master's,Divorced,4,Rented,18.705159337420117,3749,21359,0.4829440936429096,10,0,1
BOR0128,48,10924,16954,48,5.622728989675879,828,286,9,Unemployed,Education,PhD,Widowed,4,Mortgage,3.938639160144727,11353,43822,0.5549664687161224,3,0,2
BOR0129,56,6330,12804,60,6.895700326033566,793,207,10,Unemployed,Debt Consolidation,PhD,Married,0,Rented,9.290751333155674,28477,10929,0.6276377414315367,7,3,0
BOR0130,22,10010,11565,12,12.62418346870013,497,113,8,Self-Employed,Medical,Master's,Single,1,Owned,6.053848447573707,24570,60091,0.5354064321662865,3,3,0
BOR0131,56,8801,10984,36,5.630127135295211,816,21,8,Self-Employed,Debt Consolidation,Master's,Divorced,0,Rented,27.264794931505868,20837,23519,0.4780555253455371,10,0,2
BOR0132,58,6846,26526,12,14.054153625470839,813,348,4,Self-Employed,Medical,Master's,Widowed,0,Owned,22.81200201862448,11437,17393,0.6247299990714414,11,0,0
BOR0133,68,8731,42438,24,8.38206538975816,321,213,0,Employed,Home Improvement,Master's,Widowed,4,Owned,20.291951067300182,38104,34318,0.6092941248025405,7,2,1
BOR0134,35,9241,23574,48,4.500948069758074,411,170,16,Employed,Debt Consolidation,Master's,Widowed,3,Mortgage,9.028989588948651,4551,74531,0.5409106801282253,5,0,1
BOR0135,24,2953,14184,24,12.88110940029923,356,322,21,Self-Employed,Business,Master's,Married,0,Mortgage,5.5213431615064055,2823,47934,0.35185258936735075,14,3,2
BOR0136,22,4539,24096,12,7.795361354941457,365,53,1,Self-Employed,Home Improvement,PhD,Divorced,1,Mortgage,22.693532639667353,12916,28840,0.38406846454019017,13,1,0
BOR0137,26,9056,7192,12,9.554740732768481,397,297,23,Employed,Medical,Master's,Married,2,Rented,14.22473837637239,15167,13265,0.7793069842188682,11,0,0
BOR0138,47,13516,39016,60,4.791499960729021,443,319,12,Retired,Home Improvement,High School,Divorced,0,Mortgage,6.773686564518874,8391,5424,0.1786701526040681,10,2,1
BOR0139,35,13493,16246,36,3.5297161707172973,734,125,8,Employed,Debt Consolidation,Master's,Single,0,Owned,18.498659344958252,12658,20625,0.28795344207698476,4,2,2
BOR0140,60,3542,23381,36,10.836829866622923,385,276,3,Employed,Education,Master's,Married,1,Mortgage,1.2100155641535593,29685,79622,0.44468123144303506,3,2,1
BOR0141,48,7293,41455,24,9.424514458837914,643,203,4,Employed,Education,PhD,Married,3,Mortgage,9.785107623847605,23380,29187,0.6857107803006501,3,1,0
BOR0142,30,3191,31727,48,10.325693544916192,593,193,10,Self-Employed,Medical,PhD,Single,0,Rented,14.05670983773404,28919,35929,0.21457296461080952,11,0,1
BOR0143,36,8313,9018,36,12.628054279375938,542,168,23,Retired,Medical,Master's,Divorced,0,Rented,4.438750023282175,2311,61892,0.29386823268722695,3,0,2
BOR0144,36,13185,16302,60,10.935968004362891,331,151,18,Employed,Education,PhD,Widowed,3,Owned,29.53963432772519,39993,20539,0.1460587524566673,10,0,2
BOR0145,47,8938,6970,24,5.509894592514837,690,34,20,Self-Employed,Medical,Bachelor's,Single,1,Rented,6.272920937688427,13560,56630,0.594189686235573,12,1,2
BOR0146,63,4681,46157,24,7.648883969771898,576,183,2,Unemployed,Home Improvement,PhD,Widowed,0,Mortgage,3.9105939012979665,38553,9215,0.26674660483293133,12,1,0
BOR0147,34,11409,32202,60,13.917747705059243,831,285,11,Unemployed,Business,PhD,Widowed,3,Rented,6.106046216606892,25993,39385,0.3720723254696654,8,3,0
BOR0148,53,3540,36110,48,12.354364052894308,453,56,18,Employed,Business,PhD,Single,0,Owned,23.071833994791728,30492,77462,0.4105910129207675,3,2,1
BOR0149,60,8172,22586,60,9.901326166272248,682,221,18,Unemployed,Home Improvement,PhD,Divorced,2,Mortgage,12.765169778155284,20981,25008,0.723919754924519,11,2,2
BOR0150,53,13428,29519,48,6.439917474806632,367,302,12,Retired,Business,High School,Widowed,4,Owned,16.96247819257614,24143,48928,0.3879312032318658,8,0,0
BOR0151,25,7541,36273,60,6.973695771100143,513,162,6,Unemployed,Debt Consolidation,High School,Single,2,Rented,0.6302747095908223,12067,24976,0.20165751394067435,12,1,0
BOR0152,51,12578,26951,60,11.917517777234798,675,18,14,Unemployed,Home Improvement,High School,Married,0,Rented,1.0329392571994367,23916,27626,0.4670204568380847,9,1,2
BOR0153,58,13911,20374,12,13.288503999806863,512,263,22,Retired,Medical,Master's,Married,1,Owned,13.374766494810485,3815,59789,0.7740705962540407,5,0,0
BOR0154,44,11580,10788,24,11.221383699602065,378,281,6,Employed,Home Improvement,Master's,Married,4,Mortgage,24.499657296048706,31836,4700,0.5253799487355678,9,0,0
BOR0155,60,12048,10408,60,12.80959472133708,680,112,7,Employed,Education,Bachelor's,Single,2,Rented,26.557166361226958,37477,63645,0.7883710543224008,12,3,1
BOR0156,66,3365,30053,60,12.31654555480467,357,326,4,Retired,Medical,High School,Married,3,Rented,2.6011970278692065,37275,73396,0.6887751162572091,6,2,1
BOR0157,36,10691,14446,36,5.221595631505014,325,29,20,Retired,Education,Master's,Widowed,1,Mortgage,16.150893063030683,39343,7526,0.12517602934938898,11,2,1
BOR0158,64,11872,5922,24,8.375365348502973,746,134,13,Retired,Medical,PhD,Married,2,Rented,27.396890588378113,4773,39500,0.5608797167639293,9,2,0
BOR0159,50,10702,38187,36,5.25931370952847,365,66,3,Unemployed,Business,PhD,Married,3,Owned,11.639182631936592,12446,68049,0.3007368142905186,2,3,1
BOR0160,57,9494,15789,24,6.205209225222825,553,64,22,Retired,Home Improvement,High School,Widowed,0,Rented,24.886974942851058,30733,73366,0.4917317989513067,7,0,1
BOR0161,34,6312,37184,36,13.496485683487105,343,291,9,Self-Employed,Debt Consolidation,Bachelor's,Married,3,Rented,4.010869631983086,10464,59117,0.2955416336518586,2,0,1
BOR0162,53,3324,6120,60,8.938257604781594,396,24,19,Unemployed,Medical,Bachelor's,Widowed,2,Mortgage,28.06183469003396,21576,56096,0.3442092916237033,0,2,1
BOR0163,28,11347,49028,60,9.656618171190601,526,36,14,Employed,Medical,PhD,Married,2,Owned,22.542699525939078,3320,7910,0.7462180982279256,12,2,0
BOR0164,43,12019,37154,12,5.55212860011938,735,0,17,Employed,Education,Bachelor's,Widowed,0,Mortgage,28.24003178360705,10750,71185,0.24465022942419373,12,3,0
BOR0165,49,5141,22334,36,7.091125539561155,678,36,19,Employed,Business,High School,Married,3,Rented,20.298517006575196,37466,50248,0.7118763826180814,9,1,0
BOR0166,23,9419,7336,48,6.147830936920505,477,140,12,Unemployed,Education,PhD,Widowed,3,Rented,10.90211795998281,26572,74656,0.12132046564934777,11,1,0
BOR0167,63,5486,43141,12,5.871140891961904,726,231,7,Self-Employed,Education,Master's,Single,0,Mortgage,28.145435175741675,17948,1951,0.16361357685875388,4,2,1
BOR0168,66,3810,7243,36,10.836549123133656,606,135,8,Retired,Business,Master's,Widowed,3,Mortgage,8.267003289275355,38826,65212,0.6982725289689845,1,3,2
BOR0169,27,8588,24029,36,6.45416424792572,803,187,15,Retired,Debt Consolidation,Bachelor's,Married,0,Mortgage,9.965175661851976,23515,75701,0.5413892216364368,9,2,1
BOR0170,49,4923,37265,12,10.768178089234812,567,127,18,Employed,Education,PhD,Married,1,Owned,21.02425254005221,27867,79888,0.6230652966276852,13,1,2
BOR0171,49,7301,42380,60,4.17222806224837,307,200,15,Employed,Education,PhD,Divorced,2,Rented,22.95948898576159,726,75282,0.246592369575298,5,2,0
BOR0172,65,12406,48872,36,5.130405525561671,807,126,6,Unemployed,Medical,Master's,Widowed,1,Mortgage,27.882104515474616,25820,41954,0.47595841891307245,12,1,1
BOR0173,65,6186,28710,60,6.657212921001442,775,256,13,Self-Employed,Business,PhD,Single,4,Rented,6.1440722716862854,6697,8804,0.6160534564999134,9,1,0
BOR0174,41,10905,34486,12,10.366039544300454,596,163,13,Retired,Home Improvement,PhD,Widowed,4,Owned,23.939941056576718,12963,595,0.5391198959071838,8,1,0
BOR0175,51,7977,11371,60,11.272174318504824,463,34,3,Unemployed,Debt Consolidation,PhD,Widowed,4,Owned,22.156381601908905,1081,29592,0.43018913682384663,0,0,0
BOR0176,32,13794,11359,24,8.591245117964561,784,193,14,Retired,Debt Consolidation,Bachelor's,Single,0,Owned,1.913836687607936,20269,40643,0.7718486505064004,13,0,1
BOR0177,49,14326,45631,48,8.626595517638133,371,190,2,Employed,Business,PhD,Widowed,3,Owned,11.61669423630621,10776,62665,0.5733101334174118,12,2,2
BOR0178,46,13714,40996,36,11.831943791084107,537,103,4,Retired,Medical,High School,Single,1,Rented,8.482963711802958,31816,20823,0.7354255601688665,3,1,0
BOR0179,60,6268,25103,48,3.681942555304198,403,22,0,Self-Employed,Medical,Bachelor's,Single,1,Owned,9.134712730620912,14196,5972,0.6108393581015769,14,0,0
BOR0180,54,6748,19382,60,7.422535281453536,509,264,2,Self-Employed,Business,PhD,Widowed,1,Owned,29.488406386641024,15958,15882,0.6148244700183783,0,2,2
BOR0181,22,6849,23755,36,12.915131156871176,767,289,14,Employed,Medical,PhD,Widowed,1,Mortgage,19.283322404397836,23369,66394,0.15601278883037556,0,2,0
BOR0182,48,11435,40659,60,10.437023217453781,753,259,23,Self-Employed,Debt Consolidation,High School,Married,4,Owned,21.530284733804987,11689,71055,0.3516252352977606,7,2,2
BOR0183,34,5709,8756,24,7.378112026687335,567,357,7,Self-Employed,Debt Consolidation,Bachelor's,Married,1,Mortgage,29.298529119450276,17331,23769,0.700858584703761,13,2,1
BOR0184,62,11273,25609,12,13.91353511179125,685,74,3,Unemployed,Home Improvement,Master's,Divorced,3,Owned,11.316053473729161,37528,25020,0.2628227035041292,13,2,2
BOR0185,24,8619,21478,36,12.3851613656679,686,354,1,Retired,Business,Master's,Divorced,4,Owned,24.055205053584178,13436,42748,0.18085410630952636,12,3,1
BOR0186,60,10647,40442,24,6.5462976432224345,558,71,23,Employed,Education,Bachelor's,Widowed,1,Mortgage,13.035928899134861,66,44912,0.3282742396471554,13,1,1
BOR0187,27,11086,44666,24,10.920833131545745,582,258,23,Employed,Education,PhD,Single,0,Owned,26.086010154449394,30725,12879,0.2543065194248298,10,2,1
BOR0188,29,11576,15147,36,10.351133374173003,339,187,9,Employed,Home Improvement,PhD,Divorced,2,Rented,5.419726239339095,25212,33798,0.7477017363552086,14,3,1
BOR0189,48,12150,38561,60,8.1136610114483,785,172,3,Employed,Home Improvement,Master's,Widowed,2,Rented,28.43058531192839,33332,46073,0.7075766494014918,1,1,1
BOR0190,30,5072,39884,24,7.719994910855208,519,289,2,Employed,Medical,Master's,Divorced,2,Owned,6.56315125232639,25401,75791,0.449778261198033,0,0,0
BOR0191,58,8530,10779,48,7.450945459920595,428,44,1,Self-Employed,Home Improvement,Master's,Single,4,Rented,9.786615209427946,13393,66983,0.14294071213870763,10,2,1
BOR0192,54,12188,17298,24,10.597291509049938,819,60,16,Unemployed,Home Improvement,High School,Widowed,1,Mortgage,22.685767023203415,3670,43005,0.6001936422652094,7,3,1
BOR0193,63,14477,19153,60,8.5877142695277,559,82,22,Employed,Education,Master's,Single,4,Owned,11.8126542469622,25601,2850,0.5363882119353852,3,0,2
BOR0194,65,2504,48879,60,13.066425802391354,665,122,20,Unemployed,Medical,High School,Widowed,3,Owned,18.2463413029934,2251,28400,0.7793882695099471,2,3,1
BOR0195,45,3214,15789,48,11.200430085540562,843,357,23,Unemployed,Home Improvement,Bachelor's,Divorced,0,Mortgage,13.337205032082855,33572,11953,0.4912672681892639,12,1,1
BOR0196,36,3531,49165,24,4.304213465658492,823,15,19,Self-Employed,Home Improvement,PhD,Married,0,Mortgage,22.271098112693455,27027,23535,0.3354756063820366,11,1,0
BOR0197,53,13632,17999,60,10.861934574023909,315,65,22,Employed,Medical,Master's,Divorced,2,Mortgage,6.849937571058326,31846,75536,0.46331518550498907,3,0,1
BOR0198,53,9576,5814,36,6.618195519752126,428,144,12,Self-Employed,Business,PhD,Divorced,2,Owned,1.7537396171063102,21015,75039,0.7854843039831615,13,3,1
BOR0199,45,2823,15541,12,10.31733790401436,408,161,4,Employed,Medical,PhD,Married,2,Mortgage,8.997881924191987,9583,4055,0.5874537027731215,10,2,2
BOR0200,62,2928,29938,12,11.321517207689691,832,233,20,Self-Employed,Education,Master's,Married,1,Mortgage,14.229259946052908,23104,38170,0.5703832965489358,4,2,2
BOR0201,33,7029,7443,12,6.154535675271139,568,143,8,Unemployed,Business,Master's,Widowed,3,Rented,5.040601565780357,12224,28251,0.2684771128081198,0,0,0
BOR0202,60,2133,15457,24,8.75387441612424,461,357,21,Employed,Debt Consolidation,Bachelor's,Widowed,3,Rented,10.64391868969166,38784,4532,0.6205217622924324,14,0,2
BOR0203,23,4105,15380,48,5.68873592241928,559,187,5,Retired,Medical,High School,Single,3,Owned,11.999490548807056,30836,4924,0.6251902806302403,13,0,0
BOR0204,24,5627,12783,60,4.101897071544846,401,321,4,Unemployed,Education,High School,Single,3,Rented,1.7217553106482064,29299,48037,0.3221022886431337,10,3,0
BOR0205,58,14972,49241,36,7.852478870087494,805,12,9,Retired,Business,PhD,Divorced,2,Rented,17.499217445526135,13036,78082,0.43859968267349925,0,2,1
BOR0206,38,8316,22368,36,7.6738591262289075,546,183,7,Unemployed,Medical,Master's,Married,0,Mortgage,26.530302839138624,19933,71621,0.30622233305831925,2,2,0
BOR0207,23,3852,20328,24,14.948025643098957,836,110,6,Self-Employed,Home Improvement,Bachelor's,Single,2,Mortgage,4.552287388591573,12392,77926,0.2810935492270007,5,2,1
BOR0208,23,6910,31215,12,8.633052038772885,430,289,6,Employed,Medical,Bachelor's,Divorced,3,Rented,17.934240402045422,7938,78816,0.11812724917463961,0,0,0
BOR0209,49,6175,38595,24,7.336049818930305,652,294,5,Unemployed,Debt Consolidation,Bachelor's,Married,2,Rented,19.942176147325387,4141,70400,0.2996482212573325,13,2,0
BOR0210,44,13125,32306,48,10.175462577241758,495,214,20,Self-Employed,Medical,Bachelor's,Widowed,3,Rented,12.58004041257865,23350,10702,0.48777896491479245,10,1,1
BOR0211,58,13476,24915,48,4.520825032239337,681,119,19,Employed,Business,Bachelor's,Divorced,4,Owned,21.0329276209281,9546,15385,0.10112083128432019,11,0,1
BOR0212,53,14490,44915,60,14.559155963480352,526,54,2,Employed,Business,High School,Widowed,0,Owned,12.32194630473036,5335,9336,0.2982533586667672,14,2,2
BOR0213,54,13003,42219,60,10.802040524296881,775,26,18,Unemployed,Medical,High School,Single,4,Owned,15.139118639323048,5077,65421,0.7169872326262751,1,3,1
BOR0214,22,7348,20343,48,12.18063492931975,776,117,21,Employed,Business,High School,Single,1,Rented,0.2205913366328094,5611,31225,0.5155540095751526,14,0,1
BOR0215,40,11442,43727,48,5.4604962890000515,564,220,14,Unemployed,Home Improvement,Master's,Married,2,Rented,20.751603424040663,35660,36021,0.5255039768566864,11,1,0
BOR0216,23,13704,5126,48,8.208995309559846,671,230,3,Employed,Medical,PhD,Divorced,1,Owned,19.840280368341734,5577,3782,0.38235501351844725,13,1,0
BOR0217,65,8190,32632,24,8.360924804056179,785,52,11,Retired,Home Improvement,Bachelor's,Widowed,2,Owned,1.1520263197903369,20002,49111,0.5735305004446878,6,3,0
BOR0218,47,3256,46563,48,12.950774104862498,733,294,5,Self-Employed,Home Improvement,Master's,Married,4,Rented,11.047503221853992,39451,42719,0.23295293636125142,13,3,1
BOR0219,53,5376,49409,36,3.5142218172332087,510,320,18,Retired,Education,Bachelor's,Single,3,Mortgage,29.370955223750023,34275,49037,0.6731227672689342,13,0,1
BOR0220,27,7645,25530,12,6.959810746062433,676,232,3,Unemployed,Medical,High School,Single,3,Owned,12.622096877058503,28647,3513,0.18168238395512987,0,0,1
BOR0221,53,5486,44964,48,14.784218304959495,694,157,14,Retired,Business,Master's,Divorced,2,Rented,15.058362153955251,34831,13335,0.5592009482571766,12,1,1
BOR0222,25,5584,49327,12,8.961195250321513,749,268,8,Unemployed,Home Improvement,High School,Widowed,3,Rented,27.297904744791555,34768,44140,0.33880452807377814,13,3,1
BOR0223,32,11588,8368,24,7.899052222806095,663,20,4,Employed,Education,Bachelor's,Divorced,4,Mortgage,21.517856275972694,30962,77658,0.6232590794077337,14,0,0
BOR0224,38,13829,8797,12,4.878033523202933,756,52,12,Employed,Medical,Bachelor's,Widowed,3,Rented,17.462103933726706,29583,34840,0.484835185886214,6,1,0
BOR0225,59,10053,18718,24,14.702893229222179,525,274,22,Unemployed,Medical,PhD,Widowed,4,Rented,23.934140440232177,1294,31007,0.4166471269351014,14,3,2
BOR0226,45,5330,39560,36,3.7303030931469814,430,312,17,Retired,Debt Consolidation,Bachelor's,Divorced,1,Owned,25.930987993679196,15096,56947,0.21859568146527292,3,1,1
BOR0227,26,4703,16053,24,11.977572587583296,775,280,4,Employed,Debt Consolidation,High School,Married,4,Owned,13.706642152118006,36833,26393,0.5457750249990471,9,2,2
BOR0228,55,10662,27116,24,12.338897755067848,576,213,15,Self-Employed,Home Improvement,Bachelor's,Divorced,0,Mortgage,14.253250947955062,27328,57480,0.7823388903942892,13,3,0
BOR0229,27,10120,41244,60,6.302052234734466,455,30,18,Employed,Debt Consolidation,PhD,Divorced,0,Mortgage,11.581528069555073,24398,9107,0.6779223974349106,5,0,2
BOR0230,43,9114,41185,48,11.22292210154993,517,336,13,Self-Employed,Home Improvement,PhD,Single,0,Rented,29.001184200553816,17706,5993,0.14200573481230827,13,0,0
BOR0231,32,3353,6645,48,4.568685160362984,489,182,15,Retired,Business,High School,Single,2,Owned,20.914987628710513,22340,52066,0.36336056485283375,7,2,0
BOR0232,69,12975,24256,36,6.456043563968919,716,22,14,Self-Employed,Home Improvement,Master's,Divorced,2,Mortgage,2.496691986242169,18825,42942,0.7479081064331903,8,3,2
BOR0233,37,13023,40840,36,12.560872865361047,845,31,21,Self-Employed,Debt Consolidation,Bachelor's,Divorced,2,Mortgage,25.888788699390552,17482,16138,0.45213062328991505,5,1,0
BOR0234,54,7063,39622,48,13.443891208385713,340,73,3,Self-Employed,Business,PhD,Single,4,Mortgage,14.416798225088042,9318,44527,0.5634782780657255,11,0,1
BOR0235,30,10549,42430,60,10.4975937455876,606,9,6,Self-Employed,Debt Consolidation,Bachelor's,Widowed,2,Rented,2.062617192674624,15574,9190,0.7388195419139734,10,2,0
BOR0236,27,13211,44282,48,9.32864196593555,637,53,15,Employed,Home Improvement,Bachelor's,Divorced,1,Owned,16.491517654899333,14650,78422,0.7116562832939165,12,2,1
BOR0237,37,9575,7708,60,5.331996237118274,613,51,23,Self-Employed,Education,Master's,Married,0,Mortgage,12.514928369271063,28930,55698,0.4512742628783577,14,3,2
BOR0238,50,2667,16694,36,4.225753880410227,374,147,21,Employed,Medical,PhD,Married,4,Owned,26.332482145878746,20171,29086,0.40635241186032145,13,3,0
BOR0239,24,6468,14524,12,4.852963827445924,578,159,20,Self-Employed,Debt Consolidation,Bachelor's,Married,0,Mortgage,6.119838108281622,34864,17322,0.337784832935711,8,0,1
BOR0240,41,11337,36880,36,6.1146089511051365,475,13,21,Unemployed,Home Improvement,PhD,Divorced,2,Mortgage,24.79393828476549,11801,3435,0.6033136102140239,3,2,0
BOR0241,57,8819,44224,36,7.42925677181459,572,177,20,Retired,Business,High School,Widowed,4,Owned,16.730660735563582,22372,53331,0.3008907596300803,5,1,1
BOR0242,40,14377,41980,24,7.880459543376353,588,52,7,Self-Employed,Debt Consolidation,High School,Widowed,3,Owned,1.6383090964040714,16559,28942,0.2749213245016301,7,2,0
BOR0243,47,5719,37409,24,7.48270033877354,571,334,16,Unemployed,Debt Consolidation,Bachelor's,Single,1,Owned,29.15535903976454,32334,59635,0.3493749262226461,8,1,0
BOR0244,24,4745,18224,24,6.249136320268555,365,21,15,Self-Employed,Medical,PhD,Divorced,2,Rented,15.378457323095997,39937,29059,0.22405053981515444,2,1,0
BOR0245,40,9483,45738,24,9.361828837644529,782,29,22,Self-Employed,Home Improvement,Bachelor's,Widowed,2,Mortgage,8.726305626947475,13288,57557,0.5865838711620371,1,0,0
BOR0246,41,2539,30150,60,12.990790244678314,547,190,9,Self-Employed,Education,PhD,Divorced,1,Rented,14.082205259677743,22398,52389,0.5313684545314287,5,2,2
BOR0247,53,12971,39393,48,6.716590692422011,455,259,9,Unemployed,Business,PhD,Single,1,Owned,25.73573350552467,10694,53014,0.43801497388109056,3,1,0
BOR0248,28,6964,48082,12,14.337450719675681,346,204,1,Retired,Home Improvement,Master's,Single,3,Mortgage,9.147093731551905,12191,32826,0.3732280454830883,0,3,0
BOR0249,62,14328,12973,36,13.54337160982425,753,58,8,Unemployed,Business,Master's,Single,2,Rented,5.780291894601009,18051,30297,0.7363437800277121,7,1,1
BOR0250,54,6835,13577,60,5.360288430549261,500,263,16,Retired,Debt Consolidation,Master's,Married,2,Mortgage,3.8721374079264437,10737,43890,0.12038664949237371,8,3,0
BOR0251,61,5775,13070,12,12.542173502706587,423,11,10,Self-Employed,Medical,Bachelor's,Divorced,0,Rented,8.935781951706337,25251,21322,0.6383754204551094,13,3,1
BOR0252,60,8042,13666,60,10.107754896654317,300,118,9,Employed,Medical,Master's,Single,4,Owned,23.401442611201304,5147,35739,0.7313367002242221,8,2,2
BOR0253,39,9102,41368,60,10.015616664971313,490,289,21,Self-Employed,Education,Master's,Divorced,4,Rented,14.148790955857852,19643,9719,0.4124482056009482,1,3,1
BOR0254,61,9312,11783,36,7.996991775169006,815,337,16,Retired,Medical,High School,Married,0,Mortgage,6.824448110806199,38967,79553,0.4854833440294528,8,1,2
BOR0255,22,7320,46914,48,9.26325949059311,741,247,3,Unemployed,Debt Consolidation,PhD,Married,4,Mortgage,4.985549988292476,33314,8314,0.7611245815174266,6,3,1
BOR0256,32,8132,9971,24,8.067555940435927,442,353,15,Self-Employed,Education,PhD,Single,1,Mortgage,9.981884295311373,37999,75164,0.24859426069986013,4,2,0
BOR0257,49,9891,18490,48,9.706925115739342,490,126,19,Unemployed,Home Improvement,Master's,Single,4,Mortgage,28.197731186571264,18467,77028,0.4640943934492795,6,0,1
BOR0258,46,12700,6990,36,10.721425606885312,832,74,14,Unemployed,Medical,PhD,Widowed,4,Owned,10.290801377700731,34808,36113,0.4323047889897491,12,1,1
BOR0259,44,4779,10299,36,11.254493773704056,526,360,20,Unemployed,Education,High School,Divorced,0,Rented,29.64372227863906,1752,15357,0.2808748535092591,8,1,1
BOR0260,52,2924,24956,36,9.6235337144334,612,203,4,Self-Employed,Debt Consolidation,High School,Single,3,Owned,14.556913672960686,1849,20365,0.6730152612611756,7,2,2
BOR0261,51,13148,27359,12,11.796353774280414,601,48,5,Unemployed,Business,Master's,Widowed,4,Owned,5.374917548704526,2642,39029,0.7297204163342651,5,2,1
BOR0262,63,3581,42148,48,5.124697566668317,759,78,16,Unemployed,Business,High School,Divorced,4,Owned,26.73420275380528,1600,1737,0.6473528058517463,12,2,2
BOR0263,56,9714,33734,48,5.937798645375743,700,240,0,Self-Employed,Debt Consolidation,PhD,Single,3,Mortgage,13.810661194044807,20786,74632,0.23675127259402587,3,2,2
BOR0264,28,5324,9757,60,12.915452546854107,692,348,18,Unemployed,Debt Consolidation,Bachelor's,Widowed,0,Mortgage,21.290140305135733,20183,78218,0.1607240448509671,12,1,1
BOR0265,37,14677,24097,60,7.209071745233775,506,153,3,Self-Employed,Business,PhD,Widowed,3,Mortgage,29.511347496274553,1132,27499,0.5238111397137397,14,0,1
BOR0266,47,7713,15395,60,3.763278987225383,509,273,16,Retired,Education,Bachelor's,Divorced,0,Rented,1.50526050959922,38259,46157,0.13996633235691877,0,3,0
BOR0267,69,9026,21241,36,5.268598221182358,414,95,8,Retired,Business,Master's,Widowed,1,Mortgage,2.900836793627014,31076,56247,0.570978121990659,5,3,2
BOR0268,23,2255,43356,48,6.071565996707579,550,213,23,Retired,Debt Consolidation,Bachelor's,Divorced,0,Rented,21.613702243882685,38563,41034,0.4712969542290699,2,0,1
BOR0269,22,6804,32696,36,14.509213210787753,518,293,1,Unemployed,Medical,High School,Divorced,1,Mortgage,8.45475009886416,26691,294,0.5639500129205646,5,0,0
BOR0270,69,3838,9944,12,10.089976432704766,706,208,7,Employed,Home Improvement,PhD,Divorced,1,Mortgage,5.529041908502972,10931,24596,0.5131195415548209,5,0,0
BOR0271,33,12136,24816,60,14.22640351547693,742,342,14,Employed,Medical,Bachelor's,Married,0,Owned,1.1808563945918849,7633,11434,0.395891798669021,13,2,1
BOR0272,26,2009,42011,36,10.114378530711186,653,87,6,Unemployed,Medical,PhD,Widowed,2,Owned,0.6554013595860542,37777,58382,0.2406140260981598,3,1,0
BOR0273,58,4871,29917,36,9.012576061585296,849,305,5,Employed,Debt Consolidation,Master's,Divorced,0,Owned,23.234568093593726,34881,38098,0.31399149506734203,1,1,0
BOR0274,53,10989,36195,12,7.107868448732105,441,263,0,Self-Employed,Business,Master's,Single,4,Rented,4.0330028210865,1044,4655,0.4671504019532835,14,1,1
BOR0275,30,9409,26566,24,10.473265860983819,800,324,14,Employed,Education,High School,Married,4,Rented,14.031618479134526,35199,46228,0.5563076655533242,8,2,0
BOR0276,62,9418,14916,48,5.100777283101593,846,319,22,Unemployed,Medical,Master's,Married,2,Mortgage,18.17690445538449,24363,3771,0.64563811181917,1,1,1
BOR0277,56,7124,25806,24,13.83000871386612,841,156,6,Unemployed,Business,Bachelor's,Widowed,1,Rented,12.850554017065388,1582,74099,0.6370195029143426,2,2,0
BOR0278,40,3015,14984,60,13.037322659124763,806,155,16,Self-Employed,Education,Master's,Divorced,2,Mortgage,0.8131995700869932,14374,56799,0.7808821202827598,9,1,0
BOR0279,69,12016,6759,36,7.151611650582476,580,138,1,Retired,Medical,High School,Widowed,4,Rented,23.505045077637266,1308,62257,0.3000890140643866,0,0,1
BOR0280,37,14661,46949,12,14.457171567414886,723,120,8,Unemployed,Education,PhD,Married,2,Rented,0.3153967362496046,21301,17558,0.14977749574940577,6,3,1
BOR0281,24,13328,31838,12,12.989808825279034,569,64,8,Self-Employed,Business,PhD,Divorced,0,Rented,22.85669683132452,8793,58436,0.34195985487930153,14,3,0
BOR0282,41,4193,7482,48,11.162529187102956,453,106,12,Employed,Home Improvement,Master's,Single,2,Owned,26.799134813643683,1620,32376,0.6203061326568536,0,2,0
BOR0283,45,10415,29442,24,4.90026197794066,382,146,5,Employed,Business,Bachelor's,Divorced,1,Rented,12.985197631715168,29883,77924,0.4066781557233067,10,1,1
BOR0284,54,9449,38719,48,8.999691265052832,725,136,5,Self-Employed,Debt Consolidation,High School,Married,0,Owned,16.066274192933946,37534,29332,0.6724519014125936,8,3,0
BOR0285,45,6158,32965,36,9.320236880737635,574,161,19,Self-Employed,Education,Bachelor's,Single,3,Owned,14.309501778529613,37960,46737,0.4845284556302105,10,0,0
BOR0286,32,5925,7079,48,6.174340621201871,583,99,19,Unemployed,Home Improvement,High School,Divorced,4,Rented,11.676258558703164,39390,73970,0.7508542058413522,10,0,0
BOR0287,29,8970,7717,12,4.419602035131972,472,337,20,Employed,Education,Master's,Single,4,Mortgage,26.622736061110807,6093,51952,0.7635044093993482,0,0,2
BOR0288,57,8938,32952,12,12.432321750424466,626,306,2,Self-Employed,Education,High School,Single,2,Mortgage,26.818005320099715,22259,20991,0.1485131542131241,4,2,2
BOR0289,59,6784,25908,60,4.903403099430543,362,140,16,Employed,Medical,High School,Married,0,Mortgage,10.074490939246036,20655,27472,0.41948940779869703,6,2,2
BOR0290,61,6000,47460,60,10.33434363146041,372,82,16,Self-Employed,Debt Consolidation,Master's,Single,3,Rented,18.45209262044094,33005,59946,0.5267823428746976,2,1,1
BOR0291,41,3633,29861,36,14.269165499662096,674,176,11,Employed,Education,Bachelor's,Widowed,0,Mortgage,27.807226864375924,31629,26849,0.27911077856854893,8,0,1
BOR0292,56,12344,12311,24,13.57520971487749,807,197,15,Retired,Business,Master's,Married,4,Owned,28.861754968240547,23610,1541,0.38495374556528617,7,1,1
BOR0293,69,9266,33071,48,6.694155173116503,697,111,14,Unemployed,Business,High School,Widowed,0,Mortgage,15.268771212661425,21602,2765,0.5743770787823889,12,1,1
BOR0294,46,10702,28570,36,13.29165933183955,419,55,12,Employed,Medical,Master's,Single,3,Rented,13.584744158529803,20409,43074,0.258713958828853,14,0,0
BOR0295,56,2384,23449,60,3.503823820385628,736,178,22,Retired,Debt Consolidation,High School,Widowed,2,Mortgage,8.360829477855773,11110,29283,0.5213869470821167,2,1,1
BOR0296,46,2404,38536,48,3.703409810552458,764,185,0,Employed,Debt Consolidation,Master's,Divorced,1,Owned,28.7661561957123,6073,769,0.5882134797150143,14,3,2
BOR0297,50,10175,43258,60,10.429361384192948,585,217,16,Employed,Business,PhD,Single,0,Rented,4.284429134186021,35310,17806,0.16334741776710673,4,2,1
BOR0298,39,14805,33865,48,7.695179520162089,564,315,2,Retired,Home Improvement,PhD,Divorced,1,Mortgage,17.39488728143175,15282,2972,0.44827052121921696,6,1,0
BOR0299,67,14763,11645,24,7.9442996733301925,619,216,14,Employed,Medical,Master's,Widowed,4,Rented,8.476508025559166,10195,18256,0.2841560209469336,11,0,0
BOR0300,39,4000,43000,36,9.99107254280715,675,119,3,Employed,Medical,Bachelor's,Divorced,2,Rented,8.370248710433899,1537,18653,0.6070704491986312,13,2,1
BOR0301,23,12948,31737,48,5.705498239306396,388,174,3,Unemployed,Business,High School,Single,2,Rented,12.149057621285653,17138,39339,0.23268885597585834,3,2,1
BOR0302,56,11860,16485,12,5.935186532653001,502,22,17,Retired,Business,PhD,Divorced,0,Mortgage,29.963788074469637,24207,25757,0.7245665408766745,4,1,2
BOR0303,37,7989,43565,12,9.072918250716944,633,212,16,Retired,Home Improvement,Bachelor's,Widowed,2,Rented,1.648989205194662,20619,42399,0.40165893556282883,2,3,0
BOR0304,62,3460,30522,48,12.173915759954426,521,234,18,Self-Employed,Home Improvement,High School,Widowed,0,Mortgage,17.356254546105944,24845,44013,0.23860212121528748,8,1,2
BOR0305,57,9190,17342,48,10.624224141187259,340,12,10,Employed,Debt Consolidation,PhD,Widowed,0,Owned,2.4771647410583153,24310,14706,0.4066152574452305,9,3,1
BOR0306,54,9140,45806,48,6.919583054723647,367,100,19,Unemployed,Medical,PhD,Single,1,Mortgage,4.63562489971557,37899,38231,0.3861206339659695,8,2,2
BOR0307,25,5636,18087,12,8.448877541352594,813,23,2,Employed,Medical,Master's,Widowed,2,Owned,13.186888253186961,30562,27909,0.40024327164559725,6,1,1
BOR0308,54,12916,42641,12,5.462644723324981,426,363,7,Employed,Business,High School,Single,0,Mortgage,15.313803940393239,28036,76631,0.5098929054482129,9,0,1
BOR0309,35,6809,39249,48,4.3582428648764395,554,10,13,Self-Employed,Debt Consolidation,Bachelor's,Divorced,1,Rented,7.76377225093572,8697,57572,0.4648216074394763,1,1,1
BOR0310,42,6178,15093,60,12.501004468557715,315,272,0,Employed,Medical,Bachelor's,Widowed,3,Mortgage,9.493713926232486,17513,63767,0.2048439921766319,6,3,1
BOR0311,69,9245,21438,60,6.551955205664237,776,280,13,Unemployed,Debt Consolidation,Bachelor's,Divorced,1,Rented,2.609010607677992,3145,26469,0.14590535085264544,6,3,2
BOR0312,41,8600,45411,24,5.544313460289354,361,93,1,Unemployed,Debt Consolidation,High School,Married,1,Owned,9.096593515327516,27818,1313,0.6105908141085784,10,1,0
BOR0313,29,7997,31399,36,11.453607639047172,731,200,22,Self-Employed,Business,Bachelor's,Divorced,0,Mortgage,28.996753181416324,30544,7847,0.4918022051498194,4,3,0
BOR0314,28,4048,24846,60,10.60759425430264,567,20,3,Employed,Debt Consolidation,Bachelor's,Married,4,Rented,28.34122145017445,13100,50222,0.35130053765548463,8,2,2
BOR0315,24,14338,20708,12,10.781680699154837,334,339,23,Unemployed,Home Improvement,Bachelor's,Divorced,4,Owned,10.04634870410955,20104,74702,0.6658504757486517,12,1,1
BOR0316,38,6780,49039,60,6.132287955736056,793,210,18,Employed,Home Improvement,Master's,Single,4,Owned,17.12561808836285,4067,9930,0.3716409319826699,11,3,1
BOR0317,54,2716,15998,24,6.175423693470831,768,139,5,Employed,Education,Master's,Divorced,1,Mortgage,27.28786173332833,36963,3285,0.6571755627204253,10,1,1
BOR0318,69,9939,35678,24,6.03923024253485,624,292,0,Employed,Business,High School,Single,0,Owned,0.18551467922690024,30728,35863,0.3140292892586623,2,1,0
BOR0319,33,7565,15682,36,5.498154850116387,603,297,16,Self-Employed,Education,High School,Single,2,Rented,24.320507110127757,32317,16704,0.15099170828163982,3,0,2
BOR0320,43,6544,13519,60,11.040822234459046,575,100,7,Employed,Home Improvement,Bachelor's,Widowed,1,Owned,28.45108658366757,31416,18705,0.7528477856599504,0,1,1
BOR0321,43,6976,36480,12,13.252182680368117,500,303,18,Unemployed,Education,Master's,Single,1,Owned,2.739772030006712,2509,555,0.3761857904969612,5,0,0
BOR0322,67,14775,24694,12,11.829650901281603,744,358,20,Employed,Business,PhD,Married,0,Rented,4.843430580987631,21400,21323,0.6548848009945646,3,3,0
BOR0323,51,12015,8300,48,12.609076788246247,623,27,0,Unemployed,Business,PhD,Widowed,3,Owned,28.822389083140664,6533,70968,0.29540089325561314,0,0,2
BOR0324,59,12273,11722,12,8.155181934479797,334,40,4,Employed,Debt Consolidation,Bachelor's,Widowed,1,Owned,16.12620430921039,14670,66922,0.5524555784865592,1,0,0
BOR0325,59,5419,44986,36,11.021871646777978,781,354,15,Unemployed,Medical,Bachelor's,Divorced,3,Owned,0.42589903415171104,3932,53915,0.7113176112804098,14,0,2
BOR0326,66,9239,29160,36,7.5737167651149075,779,302,5,Unemployed,Debt Consolidation,Master's,Single,3,Owned,7.728959962905875,38328,10619,0.12915081563798625,2,2,0
BOR0327,29,11766,25059,12,9.54330315263936,364,145,7,Employed,Business,Master's,Single,4,Rented,13.498310228065789,36784,72390,0.6814450352802625,8,0,1
BOR0328,48,2249,40822,12,9.038800735150916,307,255,12,Employed,Home Improvement,Master's,Married,0,Owned,20.78726733074303,23723,59274,0.49993310348035,12,1,2
BOR0329,48,10865,18575,48,5.534202169154326,600,226,15,Unemployed,Home Improvement,High School,Divorced,3,Rented,21.994811344103987,719,73173,0.5252302277359985,7,0,1
BOR0330,55,14725,12970,12,7.9514057438597545,642,235,2,Retired,Debt Consolidation,High School,Divorced,0,Owned,29.862645387763685,74,21225,0.46621060056418784,6,1,1
BOR0331,42,12357,39911,48,14.583956168047036,730,360,18,Self-Employed,Business,Bachelor's,Widowed,4,Owned,8.625335981512771,26498,26739,0.7121325722985498,12,0,1
BOR0332,51,2770,26591,48,6.358672963721833,723,12,11,Retired,Home Improvement,High School,Widowed,0,Owned,16.146603056054257,31345,47708,0.13040335006494624,14,2,0
BOR0333,54,14154,36821,12,5.03874296721412,631,209,15,Retired,Business,Master's,Widowed,1,Owned,15.99970643578815,20541,53019,0.2827198740750937,10,3,0
BOR0334,49,6363,14503,24,8.313677148675255,737,228,10,Employed,Home Improvement,Master's,Married,3,Rented,12.169357783417125,34917,76154,0.7130337772014088,11,0,2
BOR0335,68,12176,23922,24,12.588883962391703,473,99,9,Self-Employed,Business,High School,Married,0,Rented,5.0748568152726055,26028,7373,0.6266419917723692,13,0,2
BOR0336,54,3077,17175,48,10.19470464246968,826,30,19,Retired,Education,PhD,Widowed,2,Rented,29.323696895515276,29545,35281,0.11235161212502409,3,2,1
BOR0337,26,10427,46124,12,11.331210513239812,325,15,3,Employed,Business,Bachelor's,Divorced,0,Mortgage,25.59951559999758,14033,20187,0.4619043982467961,0,0,0
BOR0338,69,10580,26389,24,5.681490754008788,705,136,11,Retired,Business,PhD,Married,3,Owned,14.949990848827117,31673,67863,0.4707008764988724,7,1,0
BOR0339,40,13229,5822,12,10.617904219588798,531,328,22,Retired,Debt Consolidation,Bachelor's,Divorced,4,Owned,18.097362680520895,30974,39220,0.3806174945895373,3,0,0
BOR0340,25,9901,22327,12,7.220254541481948,832,165,1,Employed,Education,PhD,Divorced,4,Rented,6.817831606789869,23097,7642,0.3081753324433928,2,0,1
BOR0341,56,6858,11150,12,13.094488708479826,849,309,23,Employed,Medical,High School,Single,3,Mortgage,16.313612111752406,36975,79971,0.5772073952886395,8,3,2
BOR0342,38,12040,9425,60,10.736936269123465,804,99,21,Employed,Debt Consolidation,Bachelor's,Widowed,1,Owned,20.849103993644274,27608,55556,0.2454533252933277,9,3,1
BOR0343,65,8544,21032,12,5.786847194415903,478,108,18,Self-Employed,Medical,Bachelor's,Single,1,Rented,15.455010851597663,23525,33760,0.6592639934501943,3,0,2
BOR0344,49,6719,7198,60,4.243091818206991,431,342,4,Retired,Home Improvement,Bachelor's,Widowed,4,Owned,29.708555117548237,15043,38192,0.6621260125372302,3,2,0
BOR0345,51,4814,25079,48,3.9902819068008766,754,172,7,Employed,Medical,Master's,Widowed,4,Owned,18.340249687431786,11725,4381,0.3906830063009744,13,3,0
BOR0346,50,5374,41220,24,7.771198527976619,647,236,6,Unemployed,Business,Master's,Divorced,3,Rented,11.12921137776507,36704,19558,0.2984836076367534,8,0,0
BOR0347,67,13470,46874,24,6.557288071524605,839,161,13,Retired,Medical,PhD,Widowed,1,Rented,23.164560828475143,37383,30782,0.2987147271134993,12,3,1
BOR0348,27,3252,18859,24,10.930036419818842,705,215,23,Unemployed,Debt Consolidation,High School,Divorced,4,Owned,5.1138753474492615,29483,4782,0.43760392679734716,11,0,0
BOR0349,56,8996,36419,24,9.24233910225411,375,263,22,Self-Employed,Debt Consolidation,Master's,Divorced,1,Owned,11.535474411187996,7265,54712,0.6037054573245512,10,3,2
BOR0350,62,14173,13705,24,6.559221697061878,791,262,2,Employed,Medical,Bachelor's,Widowed,4,Rented,10.408768511327576,22763,19462,0.3512080836957011,11,3,0
BOR0351,58,6673,47880,24,5.216234446427025,493,291,17,Unemployed,Debt Consolidation,Master's,Divorced,0,Owned,12.954212853233319,10116,60030,0.5270303418204261,13,1,2
BOR0352,45,12314,28236,24,4.9627972709056705,461,273,15,Self-Employed,Debt Consolidation,High School,Divorced,2,Owned,23.45339477786179,15733,68519,0.36773912240781603,1,0,1
BOR0353,50,6530,27419,48,13.443594509614803,646,2,22,Employed,Medical,Master's,Divorced,0,Rented,14.525190964902224,25502,56411,0.31316623240596836,13,0,2
BOR0354,67,12342,24978,12,6.299996636655973,660,27,18,Unemployed,Education,Bachelor's,Married,4,Owned,23.820433507978883,37420,55206,0.11740166114105592,11,0,1
BOR0355,52,8881,42609,36,10.994672450976136,386,325,18,Unemployed,Education,PhD,Divorced,2,Owned,17.294667094195976,9247,46950,0.10273987401477346,4,0,2
BOR0356,56,8949,20358,60,12.822888171842061,561,148,17,Self-Employed,Home Improvement,Bachelor's,Married,2,Mortgage,10.26208303972666,23840,2523,0.25904537448240317,14,3,0
BOR0357,54,11521,39177,36,10.561935078624465,513,27,19,Employed,Debt Consolidation,High School,Married,4,Rented,24.299362310504172,21058,60926,0.3844844007606968,3,1,1
BOR0358,42,8241,34378,36,13.385000163939877,561,309,15,Employed,Medical,PhD,Divorced,4,Mortgage,7.148690116592747,34929,9677,0.6958828171534422,8,1,2
BOR0359,53,10017,42334,12,8.012527797577457,582,64,7,Unemployed,Debt Consolidation,Master's,Divorced,1,Mortgage,6.731489393993865,18635,75828,0.6589389700512979,11,2,0
BOR0360,44,8941,16382,12,14.496555192462905,766,355,0,Unemployed,Business,Master's,Married,4,Mortgage,15.135087721645073,25628,15089,0.2870156838115929,4,0,0
BOR0361,54,11550,19596,12,5.031167548048115,679,20,16,Unemployed,Debt Consolidation,Master's,Married,3,Owned,7.825477378862668,31362,4581,0.27117831008900956,8,2,1
BOR0362,24,9002,38572,24,4.674719591061688,661,251,11,Employed,Debt Consolidation,PhD,Divorced,4,Owned,0.27261104853648965,20953,11907,0.25912544974901924,10,3,2
BOR0363,39,12674,18221,48,11.0749596813856,748,234,20,Self-Employed,Education,Bachelor's,Divorced,3,Mortgage,19.448925818964046,19128,5609,0.3374661383702069,8,2,1
BOR0364,46,14734,6279,24,14.34255812625251,740,226,10,Self-Employed,Medical,PhD,Widowed,4,Mortgage,15.33281464417194,12061,51153,0.4487391036931798,13,0,1
BOR0365,63,12209,12083,48,12.802159808817773,392,12,4,Employed,Debt Consolidation,PhD,Married,1,Mortgage,13.365534434794835,6041,50539,0.40706744042210286,1,1,0
BOR0366,52,3331,48861,48,4.3787938835375915,723,312,11,Retired,Education,High School,Married,3,Owned,29.00905543854946,12673,44143,0.25279123914704565,13,1,0
BOR0367,24,14536,22771,36,6.712728710249238,441,48,16,Self-Employed,Home Improvement,PhD,Widowed,0,Mortgage,17.13597551888741,21059,22936,0.19131598696053265,14,0,2
BOR0368,61,6261,34975,36,14.198667175634972,590,117,5,Unemployed,Education,Master's,Married,3,Mortgage,25.902947333681535,34328,50182,0.10880446874033678,8,3,0
BOR0369,67,9648,24063,48,6.410171977209022,731,53,0,Retired,Education,Bachelor's,Single,1,Rented,4.183507086154805,17548,13163,0.20777426706655272,2,0,1
BOR0370,45,11550,7106,48,12.483459873549572,348,137,4,Retired,Education,Bachelor's,Married,3,Rented,17.07619389388283,15078,59758,0.5937494591358828,3,3,2
BOR0371,53,7115,29557,24,12.989020253180094,601,52,13,Self-Employed,Debt Consolidation,Bachelor's,Widowed,4,Owned,26.039388801927085,5419,46057,0.27054699854190806,0,1,0
BOR0372,68,6637,25607,24,9.197699189801291,489,43,4,Retired,Debt Consolidation,Master's,Single,4,Rented,17.49317271839694,35490,12537,0.42802126708505694,13,3,1
BOR0373,43,6854,42599,36,7.943012463255628,435,302,21,Retired,Home Improvement,Master's,Divorced,1,Rented,21.540425343810046,10550,22419,0.5139108042462713,0,0,0
BOR0374,44,5177,33529,12,8.676430972827236,703,52,23,Self-Employed,Business,Master's,Widowed,2,Rented,11.16130703436622,30337,42578,0.7207886319821251,0,0,1
BOR0375,23,9730,40954,48,6.110093985201688,640,73,0,Self-Employed,Business,Master's,Widowed,4,Owned,2.773485511111998,1468,74991,0.7221985688753937,8,0,0
BOR0376,48,12320,32856,24,13.727995535481709,617,45,17,Retired,Business,Master's,Divorced,0,Rented,13.737008853812142,24309,74599,0.6220136135769513,10,3,1
BOR0377,63,4180,7573,36,8.682126052392217,662,12,15,Unemployed,Home Improvement,PhD,Widowed,1,Owned,11.834381725165725,808,834,0.124609894433951,7,3,0
BOR0378,23,6892,17808,24,13.648283565245148,681,164,8,Employed,Business,Master's,Married,3,Mortgage,26.01180547136842,24747,32214,0.5025492933597905,4,3,1
BOR0379,47,9043,40367,48,4.715475018922152,532,101,18,Retired,Business,Master's,Divorced,3,Rented,7.319859070574167,6719,2413,0.6506084295820546,4,1,1
BOR0380,38,2137,41801,48,14.86516561650151,643,279,21,Retired,Education,Master's,Widowed,0,Owned,29.002026826053243,16363,9505,0.11210163133435425,8,2,0
BOR0381,61,8327,46196,60,8.59764050560161,848,257,4,Unemployed,Debt Consolidation,Master's,Divorced,4,Rented,28.744143594134883,28718,2105,0.48477922955960484,2,2,1
BOR0382,54,5472,39072,12,4.050054434532213,828,336,1,Retired,Debt Consolidation,Bachelor's,Divorced,1,Mortgage,7.428949292143161,28801,68104,0.7004349020502206,2,0,0
BOR0383,30,7449,28752,60,3.9372512547307315,482,355,14,Retired,Education,Master's,Divorced,0,Owned,10.441558664319615,37841,58408,0.43187145308958685,6,1,1
BOR0384,64,4832,22685,36,12.081383461041144,340,137,6,Employed,Education,PhD,Single,4,Owned,26.86667222621655,8012,37679,0.10287434202821392,8,3,0
BOR0385,69,5579,46401,24,11.078908643342329,696,162,3,Employed,Education,PhD,Widowed,1,Owned,28.998666626883224,18029,79731,0.10770935083492522,5,0,1
BOR0386,60,7971,16372,36,12.724501418467256,793,110,0,Employed,Debt Consolidation,PhD,Single,3,Mortgage,13.30317308508132,767,65131,0.3916452261896254,13,1,0
BOR0387,50,13223,13996,48,4.711726640457268,632,101,12,Self-Employed,Business,High School,Widowed,1,Mortgage,9.629911369226935,3895,64280,0.2085060671917282,1,0,1
BOR0388,63,6164,21458,60,3.909064970908806,426,16,19,Self-Employed,Education,Bachelor's,Married,2,Mortgage,15.782820397546262,15332,15762,0.5651154599652818,0,1,0
BOR0389,47,12785,36889,60,9.348661828647153,300,267,21,Employed,Home Improvement,Master's,Married,1,Owned,20.633076190972044,14621,58703,0.5961594854343079,1,1,1
BOR0390,56,9941,31665,60,7.957345162051849,467,181,6,Employed,Education,High School,Married,2,Mortgage,8.204235461249393,11334,63079,0.22451585682244002,13,2,0
BOR0391,46,7569,43243,36,8.812389771715992,318,23,14,Self-Employed,Medical,Master's,Widowed,1,Rented,22.094195238572183,18174,21577,0.7219733019671395,13,0,2
BOR0392,45,6300,36653,48,14.903266702008152,631,28,22,Unemployed,Education,High School,Divorced,2,Mortgage,1.549720713439231,33653,1214,0.40933549148524817,0,3,2
BOR0393,34,8269,31657,24,14.663624513212707,755,170,13,Retired,Debt Consolidation,High School,Divorced,3,Owned,1.4788347829324933,36674,48114,0.19999213531434662,9,2,0
BOR0394,28,5818,44952,24,14.336626981241718,408,227,22,Retired,Education,PhD,Single,4,Rented,11.588631154366357,37260,63230,0.6349761186485768,9,2,1
BOR0395,57,14330,27180,36,12.51419078282825,567,187,18,Employed,Medical,PhD,Single,2,Mortgage,10.604195761821618,2073,32980,0.652982150011741,8,3,0
BOR0396,66,14015,36896,60,7.5806756429542395,744,345,21,Unemployed,Home Improvement,High School,Married,2,Rented,9.468996461014568,6269,67194,0.5475068308658203,14,1,0
BOR0397,41,14234,17875,12,8.239505698021873,539,229,23,Self-Employed,Business,PhD,Single,3,Rented,14.7305928800673,17194,77806,0.6974258872417872,9,3,1
BOR0398,22,3906,6622,36,9.82058450276763,600,320,19,Employed,Education,High School,Widowed,2,Owned,9.622007469347137,26811,37792,0.61616108042147,14,0,1
BOR0399,29,8254,45809,36,13.051146248655659,402,339,23,Unemployed,Medical,Bachelor's,Widowed,0,Rented,5.767737554042758,6841,45807,0.7175440160588934,11,3,1
BOR0400,67,2760,21725,48,4.2901975739600795,549,118,17,Unemployed,Medical,PhD,Single,3,Rented,9.284086472658027,34800,22301,0.4037216339398356,13,1,0
BOR0401,37,9830,45760,24,8.379414187676213,752,155,9,Unemployed,Home Improvement,PhD,Single,0,Owned,29.247128184307048,9699,5141,0.6233179896696097,12,3,0
BOR0402,35,9350,20646,36,4.45010312978159,819,271,8,Self-Employed,Debt Consolidation,PhD,Single,3,Owned,12.333402509845458,10762,13777,0.7998260944003311,7,1,0
BOR0403,33,8238,22029,36,9.418562245595382,452,174,7,Self-Employed,Education,Bachelor's,Single,2,Owned,13.341383305750073,39897,38346,0.6074518382637335,14,1,1
BOR0404,44,8090,34402,60,13.837359476071708,473,103,9,Retired,Medical,High School,Married,0,Rented,17.2963496985342,2147,54703,0.17992864616599252,6,0,1
BOR0405,36,13637,9263,60,12.498576632485285,642,91,16,Retired,Home Improvement,Master's,Married,2,Rented,29.500223052426797,33383,47819,0.4628231057004282,14,3,1
BOR0406,49,8031,35987,12,6.1201878017457645,730,185,1,Unemployed,Business,PhD,Single,3,Rented,7.248038293072891,33715,28469,0.5111434538701196,2,3,0
BOR0407,55,9687,13646,48,14.723894770386114,623,282,5,Unemployed,Medical,High School,Widowed,2,Owned,20.438463315973014,38445,3845,0.2219474725499737,7,0,0
BOR0408,23,11091,32529,12,11.174529577533926,719,180,4,Self-Employed,Home Improvement,Bachelor's,Married,0,Mortgage,21.479540806251723,2013,23290,0.7740241439246264,1,1,0
BOR0409,53,14647,16664,60,3.6199185430701353,784,169,8,Retired,Debt Consolidation,Master's,Widowed,0,Rented,18.219732503791978,20081,30699,0.22290584434423144,1,3,0
BOR0410,44,13139,40737,24,6.437255073880024,711,186,4,Unemployed,Debt Consolidation,PhD,Divorced,2,Mortgage,2.657350189099322,16874,44252,0.22429054379925595,10,0,0
BOR0411,43,11911,40796,60,6.49820294907904,383,174,17,Retired,Medical,Bachelor's,Widowed,1,Owned,20.306168274827293,37755,3293,0.7406169965821885,9,1,2
BOR0412,46,10472,29027,48,4.296424522287389,412,221,19,Retired,Medical,Bachelor's,Single,3,Rented,1.9228413310852643,8733,57089,0.4256438031851698,2,0,2
BOR0413,43,13458,34373,60,14.538004957873184,631,232,8,Unemployed,Education,Master's,Divorced,3,Mortgage,17.884279486496908,9479,16608,0.14423179549216136,6,3,1
BOR0414,43,3887,41397,48,8.999935887623124,677,161,16,Self-Employed,Home Improvement,High School,Married,2,Rented,22.18743531665228,9825,66273,0.5187312499569701,0,0,1
BOR0415,63,5266,25609,48,13.801867869776643,340,133,16,Unemployed,Medical,PhD,Married,1,Rented,6.329096718598512,21304,16619,0.5212784440431335,7,2,0
BOR0416,27,2666,40835,48,7.205478289613226,404,223,11,Unemployed,Education,PhD,Divorced,0,Rented,25.24866022628322,35694,78006,0.14515053108059328,11,1,2
BOR0417,36,6188,43709,48,4.940186059977512,501,152,6,Retired,Education,High School,Widowed,4,Mortgage,0.9106141659901279,15635,14779,0.7807657469435635,6,2,0
BOR0418,64,2671,24250,48,8.954865263921459,749,32,2,Unemployed,Medical,High School,Married,4,Owned,25.314385909749184,20760,51040,0.48082097570620297,3,2,2
BOR0419,58,12161,26172,24,4.810501299214647,565,54,9,Self-Employed,Debt Consolidation,High School,Single,2,Rented,13.809871519282952,9490,56325,0.491857005525835,13,1,1
BOR0420,54,14348,16555,12,9.089178284241708,509,6,1,Unemployed,Home Improvement,Master's,Divorced,1,Owned,6.527638197949335,21252,21630,0.46408079015167625,14,1,0
BOR0421,29,8777,26874,36,14.08341758402319,417,243,2,Self-Employed,Home Improvement,Master's,Single,1,Owned,4.01334434981904,39754,12178,0.527512245751234,4,0,2
BOR0422,65,13314,18081,12,9.488833631093446,676,312,15,Self-Employed,Debt Consolidation,PhD,Divorced,3,Mortgage,28.599215027471175,6862,19935,0.28500982694162846,9,1,0
BOR0423,65,9570,29063,48,10.58974685929346,839,125,1,Retired,Medical,Master's,Married,0,Mortgage,2.179967627434701,4423,47258,0.30106894358238856,12,2,1
BOR0424,26,9956,11819,24,5.301342025198796,383,11,23,Employed,Home Improvement,Bachelor's,Widowed,1,Owned,5.97280259807777,10450,22784,0.4579373628572929,0,2,1
BOR0425,60,7124,30712,60,4.002959697619649,753,15,9,Employed,Medical,PhD,Divorced,4,Rented,10.43467042299138,34841,63722,0.6646800983345057,3,3,0
BOR0426,25,7585,29762,24,4.774291565067781,813,207,5,Retired,Medical,Master's,Divorced,0,Mortgage,18.607045468833615,22554,23027,0.13490520354592522,14,1,1
BOR0427,27,14891,16046,48,10.383113120370204,686,42,21,Unemployed,Education,High School,Single,0,Rented,16.34403255828295,31826,57853,0.5223829485541722,0,2,1
BOR0428,66,6777,36463,24,4.592634538411504,649,134,10,Retired,Debt Consolidation,Bachelor's,Married,2,Rented,3.7693047723694195,6825,67359,0.6647446997544199,0,3,1
BOR0429,53,5900,33769,24,7.823918234325081,595,227,22,Self-Employed,Medical,High School,Single,1,Rented,8.691839512146439,12454,72388,0.20984209042605903,9,3,0
BOR0430,51,8677,28150,48,9.826057315268795,557,110,6,Employed,Business,PhD,Married,2,Owned,7.162553132580722,24251,78608,0.11051577938639641,0,0,2
BOR0431,68,8981,7711,24,7.969507184243241,380,306,14,Retired,Debt Consolidation,High School,Single,1,Rented,6.406285634710241,20648,76669,0.31889930659902066,6,2,0
BOR0432,56,8376,9853,36,5.382363716850967,567,159,5,Unemployed,Home Improvement,Master's,Divorced,3,Owned,12.334330094399611,24530,15111,0.5117005947107187,6,0,0
BOR0433,61,2523,34077,36,6.648600036412224,718,330,19,Retired,Education,Master's,Single,2,Owned,21.120943577749706,12516,32312,0.19679822138332342,3,2,0
BOR0434,37,4393,28863,24,14.175651627758635,534,263,8,Employed,Home Improvement,PhD,Widowed,2,Rented,6.523587966517078,8558,24161,0.3982856596807399,14,0,0
BOR0435,34,13309,26792,60,11.273796169243088,610,224,21,Retired,Home Improvement,High School,Married,4,Rented,11.000366391089443,8719,67313,0.4866250481619946,12,0,0
BOR0436,63,4593,45483,48,9.204550144818695,656,216,19,Retired,Debt Consolidation,PhD,Married,2,Rented,11.727522805234868,4886,50374,0.5192181663301221,11,1,2
BOR0437,51,12160,13942,36,3.6462212348492753,512,44,11,Employed,Home Improvement,High School,Divorced,1,Rented,29.293695883062306,28185,24014,0.29208820470026264,1,0,0
BOR0438,40,11945,6762,60,14.912777105628907,348,213,18,Self-Employed,Medical,Bachelor's,Married,4,Owned,28.639990706372068,37387,46389,0.38002074519040396,11,1,0
BOR0439,38,9240,36987,24,11.221731751288397,426,58,19,Self-Employed,Home Improvement,Master's,Widowed,2,Rented,24.00412748256228,21575,18161,0.6448374603472912,2,3,0
BOR0440,40,8937,20850,60,7.144608489466867,522,131,2,Employed,Education,PhD,Single,2,Rented,7.249767624575555,39643,7490,0.7588502858844799,7,2,1
BOR0441,49,12488,17112,12,13.61158958997514,578,103,14,Retired,Education,Bachelor's,Divorced,3,Owned,2.0411194227500906,10100,24502,0.7033162317827801,12,3,2
BOR0442,47,8190,29058,36,6.471963633355909,707,194,1,Employed,Business,Bachelor's,Widowed,2,Mortgage,9.507124131618742,7856,35757,0.49499845121340236,7,2,0
BOR0443,58,7240,43890,24,9.756190660601643,804,156,20,Self-Employed,Education,PhD,Married,0,Mortgage,8.003836483014926,38169,41111,0.3872049620607626,10,3,0
BOR0444,47,12453,5481,48,10.814813782892989,593,97,1,Unemployed,Home Improvement,PhD,Married,4,Owned,15.177774004391816,28804,58645,0.3330696300599928,10,2,0
BOR0445,44,12478,37921,24,6.042228771717877,576,225,21,Retired,Education,Bachelor's,Widowed,0,Mortgage,23.331837302033794,35790,59055,0.18746959625881265,5,0,0
BOR0446,30,8493,45385,48,14.751568706206854,737,204,2,Self-Employed,Debt Consolidation,High School,Single,4,Owned,25.74968816636574,30988,8998,0.1745858730512791,14,2,0
BOR0447,33,14394,6524,24,12.104206918758472,406,78,5,Retired,Education,Bachelor's,Single,3,Rented,25.345922562315256,10912,28906,0.5818503374395605,9,2,1
BOR0448,22,4878,39888,60,9.914852093377304,719,123,14,Employed,Medical,PhD,Divorced,2,Rented,10.790266836692034,38506,70192,0.28185609131981226,8,3,0
BOR0449,22,6143,20048,60,5.57683787901596,728,217,9,Unemployed,Debt Consolidation,Bachelor's,Married,2,Mortgage,20.61703030382049,22368,50477,0.2782631805027128,10,3,1
BOR0450,68,5644,40111,60,4.1193693804773,674,3,8,Employed,Business,High School,Widowed,2,Rented,9.385025925726602,1770,36901,0.79873653813445,11,3,0
BOR0451,55,6432,42904,12,7.18068807399131,372,89,0,Unemployed,Medical,Master's,Single,4,Mortgage,1.8271662970554814,12305,52021,0.2315481705116568,8,1,2
BOR0452,53,12247,39008,48,12.161654363004132,329,103,15,Retired,Home Improvement,Master's,Divorced,2,Mortgage,21.046957968088268,9969,29092,0.20364183164218078,3,1,2
BOR0453,69,14912,5060,60,6.597309930473289,487,118,5,Retired,Home Improvement,Bachelor's,Married,0,Rented,0.29482657709363536,12404,1242,0.16907965943194445,11,2,1
BOR0454,46,3276,14130,12,9.704896535698309,663,132,8,Employed,Home Improvement,High School,Married,2,Rented,12.275477623754657,8989,1831,0.5058637416167574,0,2,0
BOR0455,61,7811,23023,48,11.871392532403547,750,311,3,Unemployed,Medical,Master's,Divorced,3,Mortgage,9.881378079062271,35983,50721,0.5395046782014711,0,0,0
BOR0456,66,12958,18350,24,4.7413527184343405,494,95,1,Unemployed,Medical,Bachelor's,Divorced,0,Rented,20.801326155565572,39462,28511,0.3556595483798174,14,0,1
BOR0457,22,2302,29354,12,11.380927185332544,455,330,3,Retired,Medical,Bachelor's,Single,2,Owned,22.98736418281137,19360,72782,0.47478933485802743,11,2,1
BOR0458,37,2638,33145,36,4.556515208665514,471,142,0,Employed,Debt Consolidation,High School,Widowed,2,Rented,9.122839079138515,20121,18302,0.6518796716614388,9,1,1
BOR0459,60,2055,39020,12,14.59899203446046,340,287,18,Unemployed,Debt Consolidation,PhD,Married,1,Rented,24.348810433345605,26287,55568,0.6726729178252239,14,2,2
BOR0460,26,10717,25587,12,9.116532495746807,362,27,9,Retired,Home Improvement,Bachelor's,Widowed,4,Owned,8.817502815148012,34160,3232,0.7705384530009538,4,0,2
BOR0461,43,14761,46131,48,5.23277523866359,322,277,20,Self-Employed,Education,PhD,Married,0,Rented,13.389790799596836,6789,51507,0.6769875901460122,13,1,0
BOR0462,50,14315,14650,24,7.437411814385785,659,232,14,Employed,Home Improvement,PhD,Married,1,Rented,21.810555810424017,27181,76508,0.4953890057021987,12,1,1
BOR0463,24,10150,24933,36,8.254289166895507,374,16,21,Self-Employed,Business,Master's,Widowed,3,Mortgage,20.787606876743656,14385,10683,0.2257598760857922,1,0,0
BOR0464,33,4125,25581,60,12.21912762738018,417,58,18,Employed,Debt Consolidation,PhD,Divorced,4,Rented,29.621054169366,17061,23664,0.1698344903919897,14,2,0
BOR0465,47,13479,28393,60,12.049373539881007,679,89,15,Retired,Medical,High School,Single,0,Rented,6.754830726477956,105,33172,0.13815832293760144,5,3,1
BOR0466,37,2364,28051,12,10.537315811379306,589,198,20,Unemployed,Debt Consolidation,Master's,Married,2,Owned,19.869537406187472,21137,64340,0.5665680822497686,6,2,0
BOR0467,58,8809,31212,48,4.718203194422669,739,361,23,Unemployed,Medical,Master's,Divorced,0,Mortgage,18.29045724827332,34714,11017,0.6652753787785952,0,2,2
BOR0468,43,6621,9090,48,5.243047773258246,306,25,21,Unemployed,Business,Master's,Married,2,Mortgage,27.452953634700897,5544,36613,0.4560787654788554,5,0,0
BOR0469,50,7126,11960,60,4.578204587423901,495,24,3,Employed,Business,Bachelor's,Single,4,Mortgage,4.690864249346252,13275,76920,0.13829992238354796,7,1,1
BOR0470,35,7122,40772,36,10.137487007806826,720,300,1,Retired,Debt Consolidation,Bachelor's,Married,2,Rented,22.55394490760799,39753,30348,0.47482940221393677,11,0,1
BOR0471,49,3646,26520,24,13.587092077381145,492,338,12,Self-Employed,Medical,PhD,Single,3,Mortgage,17.04805848806305,34550,16448,0.7550244830671853,4,2,1
BOR0472,26,2918,41408,36,8.488705890929875,447,266,0,Retired,Business,Master's,Single,2,Owned,8.239976093637162,19641,9491,0.5183292336527223,13,3,0
BOR0473,68,4797,33470,24,5.349754000514081,501,180,16,Self-Employed,Home Improvement,Master's,Married,3,Mortgage,14.233047424415222,6213,78648,0.6665992419239705,11,3,2
BOR0474,51,8506,25491,60,9.917486739213121,743,359,12,Employed,Home Improvement,High School,Married,4,Owned,10.013297912093934,14485,58759,0.6601068538742254,6,3,1
BOR0475,67,7870,6341,24,12.835150493955663,718,67,3,Employed,Medical,PhD,Single,4,Mortgage,17.379402083653826,15605,44553,0.752490369846457,9,0,1
BOR0476,26,3531,49623,48,12.029688707398694,726,350,6,Self-Employed,Debt Consolidation,High School,Divorced,0,Mortgage,26.670018324439976,37637,968,0.6391601359549114,5,1,0
BOR0477,33,10172,29791,12,13.636683966262746,778,320,16,Self-Employed,Business,PhD,Widowed,3,Owned,17.07914953236606,20390,368,0.6233903598091627,3,0,1
BOR0478,37,5345,5338,12,6.69587411836198,774,48,8,Self-Employed,Debt Consolidation,PhD,Single,3,Mortgage,18.95167254979752,9867,73960,0.2638718654794484,14,3,2
BOR0479,47,9673,10895,60,5.7304694735794115,425,174,3,Retired,Home Improvement,Bachelor's,Married,1,Mortgage,15.562435413441284,3981,35010,0.14194760872475704,14,2,1
BOR0480,47,8949,17254,48,13.617889588332295,694,51,18,Self-Employed,Business,Bachelor's,Married,1,Mortgage,1.5349651933642772,9493,54154,0.4623196255376655,6,1,2
BOR0481,69,8882,16344,36,11.061943596947266,624,101,0,Employed,Debt Consolidation,High School,Divorced,1,Rented,6.985756706282827,5682,35851,0.18710394556272864,9,0,1
BOR0482,42,3906,6750,48,7.075682695086873,691,215,9,Employed,Education,PhD,Widowed,2,Owned,14.760051882962482,5782,25496,0.773537113394594,8,0,0
BOR0483,60,5086,7421,12,12.037002581583856,739,187,3,Unemployed,Medical,Master's,Single,1,Mortgage,9.307058512341143,29799,30936,0.30294733384312,9,1,0
BOR0484,57,10152,44887,12,12.87386142152423,503,56,8,Self-Employed,Medical,Bachelor's,Single,3,Owned,5.452907932835826,16984,78858,0.6970609423690052,9,1,0
BOR0485,54,7750,10319,48,10.572249763923022,785,46,12,Retired,Education,Master's,Widowed,2,Owned,15.12398525755315,22760,67005,0.37133723764172155,12,2,1
BOR0486,51,14772,20896,48,11.410667263619024,330,158,13,Retired,Home Improvement,High School,Single,4,Owned,9.68429380343551,25993,37493,0.3262359749001642,6,1,2
BOR0487,58,12267,16918,12,7.815488901090663,687,173,9,Retired,Business,Bachelor's,Widowed,0,Mortgage,7.7432292952024415,1524,69795,0.7546110006636348,11,2,0
BOR0488,44,10905,30064,36,9.69500017444495,733,241,5,Unemployed,Medical,Bachelor's,Married,1,Mortgage,13.919562523211424,26120,36390,0.3543258004603568,13,3,1
BOR0489,31,3062,32935,60,9.527830463350867,675,281,15,Employed,Education,PhD,Widowed,4,Owned,3.9985277424651944,78,10292,0.3732015360641956,4,3,1
BOR0490,26,3976,42641,60,13.252549598003876,643,240,5,Retired,Education,High School,Single,3,Rented,27.832371992262217,35891,28365,0.17426424572903643,6,0,1
BOR0491,57,3296,34711,48,13.1595857732451,742,4,16,Employed,Home Improvement,PhD,Widowed,0,Owned,26.031062937577172,25473,17207,0.5693126656977565,2,3,0
BOR0492,55,8229,9806,60,13.075825397490997,374,83,9,Unemployed,Home Improvement,Bachelor's,Divorced,4,Rented,21.22861757221606,39832,22912,0.30218759013425944,1,3,0
BOR0493,52,9641,46360,12,3.6268635640183566,454,307,17,Self-Employed,Debt Consolidation,High School,Married,0,Owned,3.186414827653686,8417,56572,0.5099229174876551,10,2,0
BOR0494,31,2125,17182,12,12.119773071392215,729,360,21,Self-Employed,Medical,Bachelor's,Married,1,Owned,23.27631763409079,13362,19276,0.5139461928372466,14,0,0
BOR0495,40,6632,27297,48,12.224778486276556,662,247,17,Self-Employed,Debt Consolidation,High School,Widowed,3,Owned,24.23871984327057,1209,5534,0.6034397869170369,4,1,0
BOR0496,53,8288,24541,48,11.301356462834132,747,53,2,Retired,Education,Bachelor's,Single,0,Mortgage,23.03293853143013,37921,35670,0.6216690403207089,3,0,0
BOR0497,22,5596,33921,48,12.197043565751704,533,160,19,Self-Employed,Business,Master's,Divorced,4,Rented,3.418976613577235,4898,62147,0.46011670408107763,4,3,1
BOR0498,26,13475,21774,36,13.18265927221215,561,225,20,Retired,Business,Master's,Married,1,Rented,19.317238712032943,18562,36486,0.3316943633223821,7,1,0
BOR0499,66,8168,49813,60,8.908669122170535,424,14,14,Unemployed,Home Improvement,PhD,Married,1,Owned,25.029743872481955,10871,65557,0.6862156263843138,11,0,2
